Index,Name,Type,Grade,RequiredAmount,RequiredClass,RequiredGender,RequiredType
1,命运之书,任务物品,普通,0,全职业,性别不限,Level
2,肉,肉,普通,0,全职业,性别不限,Level
3,生肉,坐骑食物,普通,0,全职业,性别不限,Level
4,烤肉,杂物,普通,0,全职业,性别不限,Level
5,猪肉,肉,普通,0,全职业,性别不限,Level
6,牛肉,肉,普通,0,全职业,性别不限,Level
7,羊肉,肉,普通,0,全职业,性别不限,Level
8,鹿肉,肉,普通,0,全职业,性别不限,Level
9,战神油,卷轴,普通,0,全职业,性别不限,Level
10,鹿血,工艺材料,普通,0,全职业,性别不限,Level
11,虫血,任务物品,普通,0,全职业,性别不限,Level
12,肉干,肉,None,0,全职业,性别不限,Level
13,精瘦肉,坐骑食物,普通,0,全职业,性别不限,Level
14,鹿茸,药水,普通,0,全职业,性别不限,Level
15,鸡肉,肉,None,0,全职业,性别不限,Level
16,营养满分鸡肉,肉,None,0,全职业,性别不限,Level
17,疗伤药,药水,普通,0,全职业,性别不限,Level
18,太阳水,药水,普通,0,全职业,性别不限,Level
19,蛇酒,杂物,None,0,全职业,性别不限,Level
20,食人花茶,任务物品,普通,0,全职业,性别不限,Level
21,解毒剂,任务物品,普通,0,全职业,性别不限,Level
22,中药,特殊消耗品,普通,0,全职业,性别不限,Level
23,蝙蝠毒,任务物品,普通,0,全职业,性别不限,Level
24,祝福油,卷轴,普通,0,全职业,性别不限,Level
25,修复油,卷轴,普通,0,全职业,性别不限,Level
26,体力恢复药(大),药水,普通,0,全职业,性别不限,Level
27,魔力恢复药(大),药水,普通,0,全职业,性别不限,Level
28,木剑,武器,普通,1,全职业,性别不限,Level
29,青铜剑,武器,普通,5,战法道,性别不限,Level
30,青铜斧,武器,普通,13,战法道,性别不限,Level
31,纯铜斧,武器,普通,13,战法道,性别不限,Level
32,短剑,武器,普通,7,战法道,性别不限,Level
33,破坏短剑,武器,普通,10,战法道,性别不限,Level
34,坚硬凌风,武器,普通,19,战法道,性别不限,Level
35,凌风,武器,普通,19,战法道,性别不限,Level
36,锋锐之匕,武器,普通,2,战法道,性别不限,Level
37,匕首,武器,普通,2,全职业,性别不限,Level
38,铁剑,武器,普通,10,战法道,性别不限,Level
39,青铜短剑,武器,普通,5,战法道,性别不限,Level
40,斩马,武器,普通,20,战法道,性别不限,Level
41,斩马刀,武器,普通,20,战法道,性别不限,Level
42,银蛇,武器,普通,26,战法道,性别不限,Level
43,精锐银蛇,武器,普通,26,战法道,性别不限,Level
44,海魂,武器,普通,15,战法道,性别不限,Level
45,锋锐海魂,武器,普通,15,战法道,性别不限,Level
46,修罗,武器,普通,22,战法道,性别不限,Level
47,炼狱,武器,普通,26,战法道,性别不限,Level
48,精锐炼狱,武器,普通,26,战法道,性别不限,Level
49,魔杖,武器,普通,26,战法道,性别不限,Level
50,精锐魔杖,武器,普通,26,战法道,性别不限,Level
51,乌木剑,武器,普通,4,战法道,性别不限,Level
52,八荒,武器,普通,15,战法道,性别不限,Level
53,六合,武器,普通,15,战法道,性别不限,Level
54,凝霜,武器,普通,25,战法道,性别不限,Level
55,半月,武器,普通,15,战法道,性别不限,Level
56,锋锐半月,武器,普通,15,战法道,性别不限,Level
57,降魔,武器,普通,20,战法道,性别不限,Level
58,精锐降魔,武器,普通,20,战法道,性别不限,Level
59,井中月,武器,宝物,30,战法道,性别不限,MaxDC
60,偃月,武器,普通,20,战法道,性别不限,Level
61,偃月刀,武器,普通,20,战法道,性别不限,Level
62,鹤嘴锄,武器,普通,12,全职业,性别不限,Level
63,疵痕鹤嘴锄,武器,普通,12,全职业,性别不限,Level
64,条痕鹤嘴锄,武器,普通,12,全职业,性别不限,Level
65,弧光鹤嘴锄,武器,普通,12,全职业,性别不限,Level
66,月光鹤嘴锄,武器,宝物,12,全职业,性别不限,Level
67,破魂,武器,普通,20,战法道,性别不限,Level
68,祖玛无极棍,武器,普通,29,战法道,性别不限,Level
69,无极棍,武器,宝物,30,战法道,性别不限,Level
70,无极棍1,武器,宝物,30,战法道,性别不限,Level
71,无极棍2,武器,宝物,30,战法道,性别不限,Level
72,血饮,武器,宝物,27,战法道,性别不限,MaxMC
73,祈祷之刃,武器,宝物,20,全职业,性别不限,Level
74,裁决之杖,武器,宝物,30,战法道,性别不限,Level
75,裁决之杖1,武器,宝物,30,战法道,性别不限,Level
76,裁决之杖2,武器,宝物,30,战法道,性别不限,Level
77,祖玛裁决之杖,武器,普通,29,战法道,性别不限,Level
78,龙纹剑,武器,宝物,40,战法道,性别不限,Level
79,龙纹剑1,武器,宝物,40,战法道,性别不限,Level
80,龙纹剑2,武器,宝物,40,战法道,性别不限,Level
81,墨龙龙纹剑,武器,宝物,34,战法道,性别不限,Level
82,蛇刻刀,武器,宝物,40,战法道,性别不限,Level
83,屠龙,武器,宝物,34,战法道,性别不限,Level
84,屠龙1,武器,宝物,34,战法道,性别不限,Level
85,屠龙2,武器,宝物,34,战法道,性别不限,Level
86,墨龙屠龙,武器,宝物,40,战法道,性别不限,Level
87,墨青大刀,武器,宝物,40,战法道,性别不限,Level
88,噬魂法杖,武器,宝物,40,战法道,性别不限,Level
89,噬魂法杖1,武器,宝物,40,战法道,性别不限,Level
90,噬魂法杖2,武器,宝物,40,战法道,性别不限,Level
91,墨龙噬魂法杖,武器,宝物,34,战法道,性别不限,Level
92,天萤木,武器,宝物,40,战法道,性别不限,Level
93,骨玉权杖,武器,宝物,30,战法道,性别不限,Level
94,骨玉权杖1,武器,宝物,30,战法道,性别不限,Level
95,骨玉权杖2,武器,宝物,30,战法道,性别不限,Level
96,祖玛骨玉权杖,武器,普通,29,战法道,性别不限,Level
97,布衣(男),盔甲,普通,1,全职业,男性,Level
98,轻型盔甲(男),盔甲,普通,11,全职业,男性,Level
99,重盔甲(男),盔甲,普通,22,战法道,男性,Level
100,战神盔甲(男),盔甲,普通,33,战法道,男性,Level
101,魔法长袍(男),盔甲,普通,22,战法道,男性,Level
102,恶魔长袍(男),盔甲,普通,33,战法道,男性,Level
103,灵魂战衣(男),盔甲,普通,22,战法道,男性,Level
104,幽灵战衣(男),盔甲,普通,33,战法道,男性,Level
105,命运之刃,武器,宝物,30,战法道,性别不限,MaxDC
106,赤血魔剑,武器,普通,35,战法道,性别不限,Level
107,钢铁斧,武器,普通,16,战法道,性别不限,Level
108,火血匕,武器,普通,28,战法道,性别不限,Level
109,火灵神刀,武器,宝物,36,战法道,性别不限,Level
110,火灵神刀1,武器,宝物,36,战法道,性别不限,Level
111,火灵神刀2,武器,宝物,36,战法道,性别不限,Level
112,雷镰枪,武器,宝物,36,战法道,性别不限,Level
113,雷镰枪1,武器,宝物,36,战法道,性别不限,Level
114,雷镰枪2,武器,宝物,36,战法道,性别不限,Level
115,石竹扇,武器,宝物,36,战法道,性别不限,Level
116,石竹扇1,武器,宝物,36,战法道,性别不限,Level
117,石竹扇2,武器,宝物,36,战法道,性别不限,Level
118,独孤九剑,武器,神物,43,战法道,性别不限,Level
119,独孤九剑1,武器,神物,43,战法道,性别不限,Level
120,独孤九剑2,武器,神物,43,战法道,性别不限,Level
121,映邪天神,武器,神物,43,战法道,性别不限,Level
122,映邪天神1,武器,神物,43,战法道,性别不限,Level
123,映邪天神2,武器,神物,43,战法道,性别不限,Level
124,太极慧剑,武器,神物,43,战法道,性别不限,Level
125,太极慧剑1,武器,神物,43,战法道,性别不限,Level
126,太极慧剑2,武器,神物,43,战法道,性别不限,Level
127,魔血剑,武器,圣物,45,战法道,性别不限,Level
128,魔血剑1,武器,圣物,45,战法道,性别不限,Level
129,魔血剑2,武器,圣物,45,战法道,性别不限,Level
130,龙血剑,武器,圣物,45,战法道,性别不限,Level
131,龙血剑1,武器,圣物,45,战法道,性别不限,Level
132,龙血剑2,武器,圣物,45,战法道,性别不限,Level
133,神血枪,武器,神物,45,战法道,性别不限,Level
134,神血枪1,武器,神物,45,战法道,性别不限,Level
135,神血枪2,武器,神物,45,战法道,性别不限,Level
136,血神枪,武器,神物,45,战法道,性别不限,Level
137,血神枪1,武器,神物,45,战法道,性别不限,Level
138,血神枪2,武器,神物,45,战法道,性别不限,Level
139,文昌帝君书,特殊消耗品,圣物,0,全职业,性别不限,Level
140,布衣(女),盔甲,普通,1,全职业,女性,Level
141,轻型盔甲(女),盔甲,普通,11,全职业,女性,Level
142,重盔甲(女),盔甲,普通,22,战法道,女性,Level
143,战神盔甲(女),盔甲,普通,33,战法道,女性,Level
144,魔法长袍(女),盔甲,普通,22,战法道,女性,Level
145,恶魔长袍(女),盔甲,普通,33,战法道,女性,Level
146,灵魂战衣(女),盔甲,普通,22,战法道,女性,Level
147,幽灵战衣(女),盔甲,普通,33,战法道,女性,Level
148,天衣无缝(男),盔甲,神物,20,全职业,男性,Level
149,天衣无缝(男)01,盔甲,神物,30,全职业,男性,Level
150,天衣无缝(男)02,盔甲,神物,40,全职业,男性,Level
151,天衣无缝(男)03,盔甲,神物,50,全职业,男性,Level
152,天衣无缝(女),盔甲,神物,20,全职业,女性,Level
153,天衣无缝(女)01,盔甲,神物,30,全职业,女性,Level
154,天衣无缝(女)02,盔甲,神物,40,全职业,女性,Level
155,天衣无缝(女)03,盔甲,神物,50,全职业,女性,Level
156,天衣无缝(男)11,盔甲,神物,30,全职业,男性,Level
157,天衣无缝(男)12,盔甲,神物,40,全职业,男性,Level
158,天衣无缝(男)13,盔甲,神物,50,全职业,男性,Level
159,天衣无缝(女)11,盔甲,神物,30,全职业,女性,Level
160,天衣无缝(女)12,盔甲,神物,40,全职业,女性,Level
161,天衣无缝(女)13,盔甲,神物,50,全职业,女性,Level
162,新89(捆),杂物,None,0,全职业,性别不限,Level
163,新90(金),杂物,None,0,全职业,性别不限,Level
164,新91(金),杂物,None,0,全职业,性别不限,Level
165,新92(金),杂物,None,0,全职业,性别不限,Level
166,新93(金),杂物,None,0,全职业,性别不限,Level
167,新94(金),杂物,None,0,全职业,性别不限,Level
168,新95(金),杂物,None,0,全职业,性别不限,Level
169,青铜头盔,头盔,普通,10,全职业,性别不限,Level
170,魔法头盔,头盔,普通,14,全职业,性别不限,Level
171,生锈的头盔,头盔,普通,7,全职业,性别不限,Level
172,金萤帽,头盔,普通,17,全职业,性别不限,MaxMC
173,贤人帽,头盔,宝物,40,全职业,性别不限,Level
174,骷髅头盔,头盔,普通,30,全职业,性别不限,MaxDC
175,英雄头盔,头盔,宝物,40,全职业,性别不限,Level
176,头盔,头盔,普通,1,全职业,性别不限,Level
177,勇士头盔,头盔,普通,37,全职业,性别不限,Level
178,道士头盔,头盔,普通,24,全职业,性别不限,Level
179,金铜头盔,头盔,普通,20,全职业,性别不限,Level
180,钢铁头盔,头盔,普通,33,全职业,性别不限,Level
181,记忆头盔,头盔,圣物,26,全职业,性别不限,Level
182,祈祷头盔,头盔,宝物,18,全职业,性别不限,Level
183,神秘头盔,头盔,普通,0,全职业,性别不限,Level
184,金条,杂物,None,0,全职业,性别不限,Level
185,松饼,杂物,普通,0,全职业,性别不限,Level
186,神水,药水,普通,0,全职业,性别不限,Level
187,120修复油,杂物,普通,0,全职业,性别不限,Level
188,金砖,杂物,None,0,全职业,性别不限,Level
189,金盒,杂物,None,0,全职业,性别不限,Level
190,蜡烛,照明物,普通,1,全职业,性别不限,Level
191,火把,照明物,普通,0,全职业,性别不限,Level
192,勇猛火炬,照明物,普通,0,全职业,性别不限,Level
193,牛角戒指,戒指,普通,9,全职业,性别不限,Level
194,生铁戒指,戒指,普通,9,全职业,性别不限,MaxMC
195,水晶戒指,任务物品,普通,0,全职业,性别不限,Level
196,玻璃戒指,戒指,普通,7,全职业,性别不限,Level
197,六角戒指,戒指,普通,7,全职业,性别不限,Level
198,古铜戒指,戒指,普通,3,全职业,性别不限,Level
199,蓝色水晶戒指,戒指,普通,16,全职业,性别不限,Level
200,147戒指,戒指,普通,20,全职业,性别不限,Level
201,金戒指,戒指,普通,20,全职业,性别不限,Level
202,149戒指,戒指,普通,20,全职业,性别不限,Level
203,150戒指,戒指,普通,20,全职业,性别不限,Level
204,151戒指,戒指,普通,20,全职业,性别不限,Level
205,降妖除魔戒指,戒指,普通,25,全职业,性别不限,Level
206,道德戒指,戒指,普通,23,全职业,性别不限,Level
207,154戒指,戒指,None,25,全职业,性别不限,Level
208,155戒指,任务物品,普通,0,全职业,性别不限,Level
209,156戒指,任务物品,普通,0,全职业,性别不限,Level
210,翡翠戒指,任务物品,普通,0,全职业,性别不限,Level
211,见习戒指,任务物品,普通,0,全职业,性别不限,Level
212,魅力戒指,戒指,普通,23,全职业,性别不限,Level
213,160戒指,戒指,普通,20,全职业,性别不限,Level
214,珍珠戒指,戒指,普通,20,全职业,性别不限,Level
215,狂风戒指,戒指,宝物,16,全职业,性别不限,Level
216,黑色水晶戒指,戒指,None,20,全职业,性别不限,Level
217,珊瑚戒指,戒指,普通,25,全职业,性别不限,Level
218,蛇眼戒指,戒指,普通,20,全职业,性别不限,Level
219,红宝石戒指,戒指,普通,17,全职业,性别不限,MaxMC
220,治愈戒指,戒指,宝物,16,全职业,性别不限,Level
221,麻痹戒指,戒指,神物,16,全职业,性别不限,Level
222,龙之戒指,戒指,普通,37,全职业,性别不限,MaxDC
223,超负载戒指,戒指,圣物,16,全职业,性别不限,Level
224,火焰戒指,戒指,宝物,16,全职业,性别不限,Level
225,传送戒指,戒指,圣物,12,全职业,性别不限,Level
226,铂金戒指,戒指,普通,17,全职业,性别不限,MaxSC
227,隐身戒指,戒指,圣物,12,全职业,性别不限,Level
228,复活戒指,戒指,神物,16,全职业,性别不限,Level
229,护身戒指,戒指,神物,16,全职业,性别不限,Level
230,骷髅戒指,戒指,普通,30,全职业,性别不限,MaxDC
231,记忆戒指,戒指,圣物,26,全职业,性别不限,Level
232,祈祷戒指,戒指,宝物,15,全职业,性别不限,Level
233,铁手镯,手镯,普通,3,全职业,性别不限,Level
234,钢手镯,手镯,普通,8,全职业,性别不限,Level
235,神秘戒指,戒指,普通,0,全职业,性别不限,Level
236,泰坦戒指,戒指,普通,24,全职业,性别不限,MaxSC
237,紫碧螺,戒指,普通,24,全职业,性别不限,MaxMC
238,幽灵手套,手镯,普通,25,全职业,性别不限,Level
239,阎罗手套,手镯,普通,30,全职业,性别不限,Level
240,死神手套,手镯,普通,22,全职业,性别不限,Level
241,189手镯,手镯,None,8,全职业,性别不限,Level
242,皮制手套,手镯,普通,7,全职业,性别不限,Level
243,采药手套,任务物品,普通,0,全职业,性别不限,Level
244,坚固手套,手镯,普通,18,全职业,性别不限,Level
245,小手镯,手镯,普通,5,全职业,性别不限,Level
246,193手镯,手镯,宝物,19,全职业,性别不限,Level
247,辟邪手镯,手镯,宝物,19,全职业,性别不限,Level
248,195手镯,手镯,None,19,全职业,性别不限,Level
249,196手镯,手镯,None,19,全职业,性别不限,Level
250,197手镯,手镯,None,19,全职业,性别不限,Level
251,道士手镯,手镯,普通,19,全职业,性别不限,Level
252,199手镯,手镯,普通,24,全职业,性别不限,MaxDC
253,手镯200,手镯,普通,24,全职业,性别不限,MaxDC
254,尽力手镯,手镯,普通,24,全职业,性别不限,MaxDC
255,银手镯,手镯,普通,7,全职业,性别不限,Level
256,大手镯,手镯,普通,9,全职业,性别不限,Level
257,夏普儿手镯,手镯,宝物,16,全职业,性别不限,Level
258,魔法手镯,手镯,普通,18,全职业,性别不限,Level
259,手镯206,手镯,普通,23,全职业,性别不限,Level
260,金手镯,手镯,普通,23,全职业,性别不限,Level
261,三眼手镯,手镯,普通,22,全职业,性别不限,MaxSC
262,骑士手镯,手镯,普通,39,全职业,性别不限,MaxDC
263,思贝尔手镯,手镯,普通,26,全职业,性别不限,Level
264,黑檀手镯,手镯,普通,19,全职业,性别不限,Level
265,记忆手镯,手镯,圣物,26,全职业,性别不限,Level
266,祈祷手镯,手镯,宝物,15,全职业,性别不限,Level
267,龙之手镯,手镯,普通,28,全职业,性别不限,MaxMC
268,神秘手镯,手镯,普通,0,全职业,性别不限,Level
269,天珠项链,项链,普通,22,全职业,性别不限,MaxSC
270,幽灵项链,项链,普通,24,全职业,性别不限,Level
271,黑檀项链,项链,普通,13,全职业,性别不限,Level
272,黄色水晶项链,项链,普通,13,全职业,性别不限,Level
273,金项链,项链,普通,2,全职业,性别不限,Level
274,223项链,项链,None,13,全职业,性别不限,Level
275,224项链,项链,None,13,全职业,性别不限,Level
276,黑色水晶项链,项链,普通,13,全职业,性别不限,Level
277,青雷项链,项链,普通,22,全职业,性别不限,MaxMC
278,翡翠项链,项链,普通,15,全职业,性别不限,Level
279,狂风项链,项链,宝物,19,全职业,性别不限,Level
280,斗士项链,项链,普通,20,全职业,性别不限,Level
281,白色虎齿项链,项链,普通,11,全职业,性别不限,MaxSC
282,铂金项链,项链,普通,10,全职业,性别不限,MaxMC
283,蓝水晶项链,项链,普通,20,全职业,性别不限,Level
284,灯笼项链,项链,普通,18,全职业,性别不限,Level
285,老旧的项链,任务物品,普通,0,全职业,性别不限,Level
286,魔鬼项链,项链,普通,17,全职业,性别不限,Level
287,琥珀项链,项链,普通,17,全职业,性别不限,Level
288,传统项链,项链,普通,3,全职业,性别不限,Level
289,避邪项链,项链,普通,12,全职业,性别不限,MaxSC
290,灵魂项链,项链,普通,23,全职业,性别不限,MaxSC
291,绿色项链,项链,普通,37,全职业,性别不限,MaxDC
292,技巧项链,项链,圣物,16,全职业,性别不限,Level
293,竹笛,项链,普通,24,全职业,性别不限,Level
294,凤凰明珠,项链,普通,17,全职业,性别不限,Level
295,恶魔铃铛,项链,普通,27,全职业,性别不限,MaxMC
296,放大镜,项链,普通,24,全职业,性别不限,Level
297,蓝翡翠项链,项链,普通,23,全职业,性别不限,Level
298,蓝翡翠吊坠,任务物品,普通,0,全职业,性别不限,Level
299,记忆项链,项链,圣物,26,全职业,性别不限,Level
300,探测项链,项链,神物,12,全职业,性别不限,Level
301,祈祷项链,项链,宝物,15,全职业,性别不限,Level
302,黄色毒粉,护身符,普通,0,全职业,性别不限,Level
303,灰色毒粉,护身符,普通,0,全职业,性别不限,Level
304,蛆卵,工艺材料,普通,0,全职业,性别不限,Level
305,蝙蝠牙,任务物品,普通,0,全职业,性别不限,Level
306,蜘蛛牙,工艺材料,普通,0,全职业,性别不限,Level
307,蝎尾,工艺材料,普通,0,全职业,性别不限,Level
308,食人花叶子,工艺材料,普通,0,全职业,性别不限,Level
309,食人花果实,任务物品,普通,0,全职业,性别不限,Level
310,毒药袋,任务物品,普通,0,全职业,性别不限,Level
311,t药袋,任务物品,普通,0,全职业,性别不限,Level
312,tr药袋,任务物品,普通,0,全职业,性别不限,Level
313,千年雪霜,药水,普通,0,全职业,性别不限,Level
314,人参,药水,普通,0,全职业,性别不限,Level
315,万年雪霜,药水,普通,0,全职业,性别不限,Level
316,沃玛号角,杂物,宝物,0,全职业,性别不限,Level
317,彩票,卷轴,普通,0,全职业,性别不限,Level
318,凭证,杂物,None,0,全职业,性别不限,Level
319,隐藏的卷轴,任务物品,普通,0,全职业,性别不限,Level
320,265卷轴,任务物品,普通,0,全职业,性别不限,Level
321,治愈信,工艺材料,普通,0,全职业,性别不限,Level
322,267卷轴,任务物品,普通,0,全职业,性别不限,Level
323,268卷轴,任务物品,普通,0,全职业,性别不限,Level
324,服务器测试书卷,特殊消耗品,神物,0,全职业,性别不限,Level
325,幸运符,任务物品,普通,18,全职业,性别不限,Level
326,祖玛头像,杂物,宝物,0,全职业,性别不限,Level
327,古代般若传送卷,特殊消耗品,普通,0,全职业,性别不限,Level
328,古代祖玛传送卷,特殊消耗品,普通,0,全职业,性别不限,Level
329,古代沃玛传送卷,特殊消耗品,普通,0,全职业,性别不限,Level
330,古代石墓传送卷,特殊消耗品,普通,0,全职业,性别不限,Level
331,南蛮传送卷,特殊消耗品,普通,0,全职业,性别不限,Level
332,寒冰地狱传送卷,特殊消耗品,普通,0,全职业,性别不限,Level
333,业火地狱传送卷,特殊消耗品,普通,0,全职业,性别不限,Level
334,灰烬洞窟传送卷,特殊消耗品,普通,0,全职业,性别不限,Level
335,274卷轴,特殊消耗品,普通,0,全职业,性别不限,Level
336,神殿移动卷书,特殊消耗品,普通,0,全职业,性别不限,Level
337,桃花源移动卷,特殊消耗品,普通,0,全职业,性别不限,Level
338,守卫队长的召唤,特殊消耗品,普通,0,全职业,性别不限,Level
339,苏生符籍,护身符,普通,0,全职业,性别不限,Level
340,金矿,矿石,普通,0,全职业,性别不限,Level
341,铁矿,矿石,普通,0,全职业,性别不限,Level
342,稀有绿矿,矿石,普通,0,全职业,性别不限,Level
343,稀有铜矿,矿石,普通,0,全职业,性别不限,Level
344,黑色铁矿石,矿石,普通,0,全职业,性别不限,Level
345,银矿,矿石,普通,0,全职业,性别不限,Level
346,铜矿,矿石,普通,0,全职业,性别不限,Level
347,绿矿石,矿石,普通,0,全职业,性别不限,Level
348,288项链,项链,普通,22,全职业,性别不限,MaxSC
349,289戒指,手镯,普通,0,全职业,性别不限,Level
350,290手镯,项链,普通,24,全职业,性别不限,Level
351,麻痹戒指(超),戒指,神物,16,全职业,性别不限,Level
352,治毒号令,项链,神物,33,全职业,性别不限,Level
353,生存戒指,戒指,普通,33,全职业,性别不限,Level
354,SurvivalBracelet,手镯,神物,33,全职业,性别不限,Level
355,强效太阳水,药水,普通,0,全职业,性别不限,Level
356,打捆体力恢复药(大),特殊消耗品,普通,0,全职业,性别不限,Level
357,打捆魔力恢复药(大),特殊消耗品,普通,0,全职业,性别不限,Level
358,体力滋补药(小),药水,普通,0,全职业,性别不限,Level
359,魔力滋补药(小),药水,普通,0,全职业,性别不限,Level
360,317药水瓶,杂物,普通,0,全职业,性别不限,Level
361,生命项链,项链,普通,25,全职业,性别不限,MaxMC
362,心灵手镯,手镯,普通,24,全职业,性别不限,MaxSC
363,力量戒指,戒指,普通,46,全职业,性别不限,MaxDC
364,黑铁头盔,头盔,宝物,46,全职业,性别不限,MaxDC
365,骰子,杂物,None,0,全职业,性别不限,Level
366,木材,工艺材料,普通,0,全职业,性别不限,Level
367,筹码包,特殊消耗品,普通,0,全职业,性别不限,Level
368,筹码,杂物,None,0,全职业,性别不限,Level
369,比奇通用币,杂物,None,0,全职业,性别不限,Level
370,通用币,杂物,None,0,全职业,性别不限,Level
371,魔力恢复药,药水,普通,0,全职业,性别不限,Level
372,打捆魔力恢复药(小),特殊消耗品,普通,0,全职业,性别不限,Level
373,魔力恢复药(中),药水,普通,0,全职业,性别不限,Level
374,打捆魔力恢复药(中),特殊消耗品,普通,0,全职业,性别不限,Level
375,体力恢复药,药水,普通,0,全职业,性别不限,Level
376,打捆体力恢复药(小),特殊消耗品,普通,0,全职业,性别不限,Level
377,体力恢复药(中),药水,普通,0,全职业,性别不限,Level
378,打捆体力恢复药(中),特殊消耗品,普通,0,全职业,性别不限,Level
379,回城卷,卷轴,普通,0,全职业,性别不限,Level
380,打捆回城卷,特殊消耗品,普通,0,全职业,性别不限,Level
381,随机传送卷,卷轴,普通,0,全职业,性别不限,Level
382,打捆随机传送卷,特殊消耗品,普通,0,全职业,性别不限,Level
383,行会回城卷,卷轴,普通,0,全职业,性别不限,Level
384,打捆行会回城卷,特殊消耗品,普通,0,全职业,性别不限,Level
385,地牢逃脱卷,卷轴,普通,0,全职业,性别不限,Level
386,打捆地牢逃脱卷,特殊消耗品,普通,0,全职业,性别不限,Level
387,姜茶,任务物品,普通,0,全职业,性别不限,Level
388,疾风药水,药水,普通,0,全职业,性别不限,Level
389,道力药水,药水,普通,0,全职业,性别不限,Level
390,魔法药水,药水,普通,0,全职业,性别不限,Level
391,魔力药水,药水,普通,0,全职业,性别不限,Level
392,体力药水,药水,普通,0,全职业,性别不限,Level
393,破坏药水,药水,普通,0,全职业,性别不限,Level
394,红苹果,药水,普通,1,全职业,性别不限,Level
395,密火项链,项链,宝物,33,全职业,性别不限,Level
396,密火手镯,手镯,宝物,33,全职业,性别不限,Level
397,密火戒指,戒指,宝物,33,全职业,性别不限,Level
398,赤兰项链,项链,宝物,33,全职业,性别不限,Level
399,赤兰戒指,戒指,宝物,33,全职业,性别不限,Level
400,赤兰手镯,手镯,宝物,33,全职业,性别不限,Level
401,灵玉手镯1,手镯,宝物,33,全职业,性别不限,Level
402,灵玉项链1,项链,宝物,33,全职业,性别不限,Level
403,灵玉戒指1,戒指,宝物,33,全职业,性别不限,Level
404,b魔项链,项链,宝物,33,全职业,性别不限,Level
405,441套戒指,戒指,宝物,33,全职业,性别不限,Level
406,b魔手镯,手镯,宝物,33,全职业,性别不限,Level
407,恶魔碎片,工艺材料,普通,0,全职业,性别不限,Level
408,邪恶巨人油,工艺材料,普通,0,全职业,性别不限,Level
409,翡翠晶,工艺材料,普通,0,全职业,性别不限,Level
410,邪恶巨人心,工艺材料,普通,0,全职业,性别不限,Level
411,沃玛之心,任务物品,普通,0,全职业,性别不限,Level
412,祖玛之心,任务物品,普通,0,全职业,性别不限,Level
413,十字镖a,工艺材料,None,0,全职业,性别不限,Level
414,三角镖,工艺材料,None,0,全职业,性别不限,Level
415,采药工具,任务物品,普通,0,全职业,性别不限,Level
416,黄色染料,工艺材料,普通,0,全职业,性别不限,Level
417,打捆黄色染料,特殊消耗品,普通,0,全职业,性别不限,Level
418,红色染料,工艺材料,普通,0,全职业,性别不限,Level
419,打捆红色染料,特殊消耗品,普通,0,全职业,性别不限,Level
420,灰色染料,工艺材料,普通,0,全职业,性别不限,Level
421,打捆灰色染料,特殊消耗品,普通,0,全职业,性别不限,Level
422,护身符,护身符,普通,0,全职业,性别不限,Level
423,酷寒极冰石[1d],守护石,普通,0,全职业,性别不限,Level
424,栗子1,工艺材料,None,0,全职业,性别不限,Level
425,栗子2,工艺材料,None,0,全职业,性别不限,Level
426,栗子3,工艺材料,None,0,全职业,性别不限,Level
427,栗子4,工艺材料,None,0,全职业,性别不限,Level
428,栗子5,工艺材料,None,0,全职业,性别不限,Level
429,栗子6,工艺材料,None,0,全职业,性别不限,Level
430,栗子7,工艺材料,None,0,全职业,性别不限,Level
431,栗子8,工艺材料,None,0,全职业,性别不限,Level
432,栗子9,工艺材料,None,0,全职业,性别不限,Level
433,栗子0,工艺材料,None,0,全职业,性别不限,Level
434,棕栗子,工艺材料,None,0,全职业,性别不限,Level
435,铜栗子,工艺材料,None,0,全职业,性别不限,Level
436,银栗子,工艺材料,None,0,全职业,性别不限,Level
437,金栗子,工艺材料,None,0,全职业,性别不限,Level
438,尸灵花,任务物品,普通,0,全职业,性别不限,Level
439,虫壳,工艺材料,None,0,全职业,性别不限,Level
440,蛛牙,工艺材料,None,0,全职业,性别不限,Level
441,发之药,任务物品,普通,0,全职业,性别不限,Level
442,血之药,任务物品,普通,0,全职业,性别不限,Level
443,蓝色药丸,任务物品,普通,0,全职业,性别不限,Level
444,药锅,任务物品,普通,0,全职业,性别不限,Level
445,时间之石,杂物,None,0,全职业,性别不限,Level
446,虎威戒指,戒指,普通,30,全职业,性别不限,Level
447,魔鬼戒指,戒指,普通,20,全职业,性别不限,MaxMC
448,白玉戒指,戒指,普通,7,全职业,性别不限,MaxSC
449,雪玉戒指,戒指,普通,20,全职业,性别不限,MaxSC
450,黑铁手镯,手镯,普通,27,全职业,性别不限,Level
451,黑铁之镯,手镯,None,27,全职业,性别不限,Level
452,精钢手镯,手镯,普通,35,全职业,性别不限,Level
453,魔鬼手镯,手镯,普通,33,全职业,性别不限,Level
454,雪玉手镯,手镯,普通,33,全职业,性别不限,Level
455,紫晶项链,项链,普通,34,全职业,性别不限,MaxDC
456,珍玉项链,项链,普通,15,全职业,性别不限,Level
457,灵力项链,项链,普通,19,全职业,性别不限,MaxSC
458,世轮戒指,戒指,普通,14,全职业,性别不限,Level
459,世轮护腕,手镯,普通,14,全职业,性别不限,Level
460,绿翠戒指,戒指,普通,14,全职业,性别不限,Level
461,绿翠手镯,手镯,普通,14,全职业,性别不限,Level
462,道护戒指,戒指,普通,14,全职业,性别不限,Level
463,道护手镯,手镯,普通,14,全职业,性别不限,Level
464,紫水晶矿,矿石,普通,0,全职业,性别不限,Level
465,红宝石矿,矿石,普通,0,全职业,性别不限,Level
466,铂金矿,矿石,普通,0,全职业,性别不限,Level
467,软玉,矿石,普通,0,全职业,性别不限,Level
468,五玄项链,项链,普通,34,全职业,性别不限,Level
469,五玄手镯,手镯,普通,34,全职业,性别不限,Level
470,五玄戒指,戒指,普通,34,全职业,性别不限,Level
471,通天冠,头盔,宝物,0,战法道,性别不限,Level
472,破碎项链,项链,普通,35,全职业,性别不限,Level
473,破碎手镯,手镯,普通,33,全职业,性别不限,Level
474,破碎戒指,戒指,普通,33,全职业,性别不限,Level
475,幻魔石项链,项链,普通,35,全职业,性别不限,Level
476,幻魔石手镯,手镯,普通,33,全职业,性别不限,Level
477,幻魔石戒指,戒指,普通,33,全职业,性别不限,Level
478,灵玉项链,项链,普通,35,全职业,性别不限,Level
479,灵玉手镯,手镯,普通,33,全职业,性别不限,Level
480,灵玉戒指,戒指,普通,33,全职业,性别不限,Level
481,古代之药,任务物品,普通,0,全职业,性别不限,Level
482,兽皮腰带,腰带,普通,9,全职业,性别不限,Level
483,铁腰带,腰带,普通,16,全职业,性别不限,Level
484,青铜腰带,腰带,普通,18,全职业,性别不限,Level
485,钢铁腰带,腰带,普通,23,全职业,性别不限,Level
486,黄金腰带,腰带,普通,31,全职业,性别不限,Level
487,金刚腰带,腰带,宝物,39,全职业,性别不限,Level
488,蛟龙腰带,腰带,普通,43,全职业,性别不限,Level
489,魔力腰带,腰带,普通,19,全职业,性别不限,Level
490,贵人腰带,腰带,圣物,45,全职业,性别不限,Level
491,贵人腰带1,腰带,圣物,45,战士,性别不限,Level
492,贵人腰带2,腰带,圣物,45,法师,性别不限,Level
493,贵人腰带3,腰带,圣物,45,道士,性别不限,Level
494,贵人腰带4,腰带,圣物,45,刺客,性别不限,Level
495,贵人腰带5,腰带,圣物,45,弓箭,性别不限,Level
496,布鞋,靴子,普通,7,全职业,性别不限,Level
497,鹿皮靴,靴子,普通,14,全职业,性别不限,Level
498,紫绸靴,靴子,普通,19,全职业,性别不限,Level
499,避魂靴,靴子,普通,24,全职业,性别不限,Level
500,疾走靴,靴子,宝物,32,全职业,性别不限,Level
501,赤鳞靴,靴子,宝物,40,全职业,性别不限,Level
502,白虎避难靴,靴子,普通,19,全职业,性别不限,Level
503,雾隐遁靴,靴子,普通,19,全职业,性别不限,Level
504,贵人之靴,靴子,圣物,45,全职业,性别不限,Level
505,贵人之靴1,靴子,圣物,45,战士,性别不限,Level
506,贵人之靴2,靴子,圣物,45,法师,性别不限,Level
507,贵人之靴3,靴子,圣物,45,道士,性别不限,Level
508,贵人之靴4,靴子,圣物,45,刺客,性别不限,Level
509,贵人之靴5,靴子,圣物,45,弓箭,性别不限,Level
510,和力守护石(小),杂物,None,0,全职业,性别不限,Level
511,和力守护石(中),杂物,None,0,全职业,性别不限,Level
512,和力守护石(大),杂物,None,0,全职业,性别不限,Level
513,和力守护石(特大),杂物,None,0,全职业,性别不限,Level
514,和力守护石,杂物,None,0,全职业,性别不限,Level
515,芷心石(小),守护石,None,6,全职业,性别不限,Level
516,芷心石(中),守护石,None,12,全职业,性别不限,Level
517,芷心石(大),守护石,None,17,全职业,性别不限,Level
518,芷心石(特),守护石,None,21,全职业,性别不限,Level
519,芷心之石,守护石,None,0,全职业,性别不限,Level
520,青云石(小),守护石,None,6,全职业,性别不限,Level
521,青云石(中),守护石,None,12,全职业,性别不限,Level
522,青云石(大),守护石,None,17,全职业,性别不限,Level
523,青云石(特),守护石,None,21,全职业,性别不限,Level
524,青云之石,守护石,None,0,全职业,性别不限,Level
525,赤燐石(小),守护石,None,6,全职业,性别不限,Level
526,赤燐石(中),守护石,None,12,全职业,性别不限,Level
527,赤燐石(大),守护石,None,17,全职业,性别不限,Level
528,赤燐石(特),守护石,None,21,全职业,性别不限,Level
529,赤燐之石,守护石,None,0,全职业,性别不限,Level
530,鬼面甲胄(男),盔甲,宝物,40,战法道,男性,Level
531,火龙魔衣(男),盔甲,宝物,40,战法道,男性,Level
532,玄天宝衣(男),盔甲,宝物,40,战法道,男性,Level
533,点内裤(男),盔甲,宝物,40,战法道,男性,Level
534,内裤(男),盔甲,宝物,40,战法道,男性,Level
535,天龙不死衣(男),盔甲,神物,20,全职业,男性,Level
536,天龙不死衣(男)1,盔甲,神物,20,战士,男性,Level
537,天龙不死衣(男)2,盔甲,神物,20,法师,男性,Level
538,天龙不死衣(男)3,盔甲,神物,20,道士,男性,Level
539,天龙不死衣(男)4,盔甲,神物,20,刺客,男性,Level
540,天龙不死衣(男)5,盔甲,神物,20,弓箭,男性,Level
541,破凰天魔衣(男),盔甲,宝物,48,全职业,男性,Level
542,破凰天魔衣(男)1,盔甲,宝物,48,战士,男性,Level
543,破凰天魔衣(男)2,盔甲,宝物,48,法师,男性,Level
544,破凰天魔衣(男)3,盔甲,宝物,48,道士,男性,Level
545,破凰天魔衣(男)4,盔甲,宝物,48,刺客,男性,Level
546,破凰天魔衣(男)5,盔甲,宝物,48,弓箭,男性,Level
547,灵晶甲胄(男),盔甲,宝物,20,全职业,男性,Level
548,鬼面甲胄(女),盔甲,宝物,40,战法道,女性,Level
549,火龙魔衣(女),盔甲,宝物,40,战法道,女性,Level
550,玄天宝衣(女),盔甲,宝物,40,战法道,女性,Level
551,点内衣(女),盔甲,宝物,40,战法道,女性,Level
552,内衣(女),盔甲,宝物,40,战法道,女性,Level
553,天龙不死衣(女),盔甲,神物,20,全职业,女性,Level
554,天龙不死衣(女)1,盔甲,神物,20,战士,女性,Level
555,天龙不死衣(女)2,盔甲,神物,20,法师,女性,Level
556,天龙不死衣(女)3,盔甲,神物,20,道士,女性,Level
557,天龙不死衣(女)4,盔甲,神物,20,刺客,女性,Level
558,天龙不死衣(女)5,盔甲,神物,20,弓箭,女性,Level
559,破凰天魔衣(女),盔甲,宝物,48,全职业,女性,Level
560,破凰天魔衣(女)1,盔甲,宝物,48,战士,女性,Level
561,破凰天魔衣(女)2,盔甲,宝物,48,法师,女性,Level
562,破凰天魔衣(女)3,盔甲,宝物,48,道士,女性,Level
563,破凰天魔衣(女)4,盔甲,宝物,48,刺客,女性,Level
564,破凰天魔衣(女)5,盔甲,宝物,48,弓箭,女性,Level
565,灵晶甲胄(女),盔甲,宝物,20,全职业,女性,Level
566,晴岚石(小),守护石,None,8,全职业,性别不限,Level
567,晴岚石(中),守护石,None,18,全职业,性别不限,Level
568,晴岚石(大),守护石,None,28,全职业,性别不限,Level
569,晴岚石(特),守护石,None,38,全职业,性别不限,Level
570,晴岚神石,守护石,None,0,全职业,性别不限,Level
571,绿魔石(小),守护石,None,8,全职业,性别不限,Level
572,绿魔石(中),守护石,None,18,全职业,性别不限,Level
573,绿魔石(大),守护石,None,28,全职业,性别不限,Level
574,绿魔石(特),守护石,None,38,全职业,性别不限,Level
575,绿魔神石,守护石,None,0,全职业,性别不限,Level
576,木青石(小),守护石,None,8,全职业,性别不限,Level
577,木青石(中),守护石,None,18,全职业,性别不限,Level
578,木青石(大),守护石,None,28,全职业,性别不限,Level
579,木青石(特),守护石,None,38,全职业,性别不限,Level
580,木青神石,守护石,None,0,全职业,性别不限,Level
581,的守护石(小),杂物,None,8,全职业,性别不限,Level
582,的守护石(中),杂物,None,18,全职业,性别不限,Level
583,的守护石(大),杂物,None,28,全职业,性别不限,Level
584,的守护石(特大),杂物,None,38,全职业,性别不限,Level
585,的守护石,杂物,None,0,全职业,性别不限,Level
586,他守护石(小),杂物,None,8,全职业,性别不限,Level
587,他守护石(中),杂物,None,18,全职业,性别不限,Level
588,他守护石(大),杂物,None,28,全职业,性别不限,Level
589,他守护石(特大),杂物,None,38,全职业,性别不限,Level
590,他守护石,杂物,None,0,全职业,性别不限,Level
591,额守护石(小),杂物,None,8,全职业,性别不限,Level
592,额守护石(中),杂物,None,18,全职业,性别不限,Level
593,额守护石(大),杂物,None,28,全职业,性别不限,Level
594,额守护石(特大),杂物,None,38,全职业,性别不限,Level
595,额守护石,杂物,None,0,全职业,性别不限,Level
596,和守护石(小),杂物,None,8,全职业,性别不限,Level
597,和守护石(中),杂物,None,18,全职业,性别不限,Level
598,和守护石(大),杂物,None,28,全职业,性别不限,Level
599,和守护石(特大),杂物,None,38,全职业,性别不限,Level
600,和守护石,杂物,None,0,全职业,性别不限,Level
601,人守护石(小),杂物,None,8,全职业,性别不限,Level
602,人守护石(中),杂物,None,18,全职业,性别不限,Level
603,人守护石(大),杂物,None,28,全职业,性别不限,Level
604,人守护石(特大),杂物,None,38,全职业,性别不限,Level
605,人守护石,杂物,None,0,全职业,性别不限,Level
606,从守护石(小),杂物,None,8,全职业,性别不限,Level
607,从守护石(中),杂物,None,18,全职业,性别不限,Level
608,从守护石(大),杂物,None,28,全职业,性别不限,Level
609,从守护石(特大),杂物,None,38,全职业,性别不限,Level
610,从守护石,杂物,None,0,全职业,性别不限,Level
611,无极环,戒指,宝物,54,全职业,性别不限,MaxDC
612,奥玛环,戒指,普通,37,全职业,性别不限,Level
613,雷雳环,戒指,宝物,32,全职业,性别不限,MaxMC
614,鬼刃环,戒指,普通,37,全职业,性别不限,Level
615,心意环,戒指,普通,37,全职业,性别不限,Level
616,太极环,戒指,宝物,30,全职业,性别不限,MaxSC
617,八极轮,手镯,普通,35,全职业,性别不限,Level
618,白驼手套,手镯,宝物,37,全职业,性别不限,Level
619,抗魔轮,手镯,普通,35,全职业,性别不限,Level
620,魂锁轮,手镯,宝物,37,全职业,性别不限,Level
621,伏魔轮,手镯,普通,35,全职业,性别不限,Level
622,太极轮,手镯,宝物,37,全职业,性别不限,Level
623,水波颈饰,项链,普通,40,全职业,性别不限,Level
624,金刚铃项链,项链,普通,40,全职业,性别不限,Level
625,镇魂项链,项链,普通,40,全职业,性别不限,Level
626,蝙蝠翅膀,任务物品,普通,0,全职业,性别不限,Level
627,灰色羽毛,工艺材料,None,0,全职业,性别不限,Level
628,绿色羽毛,工艺材料,None,0,全职业,性别不限,Level
629,红色羽毛,工艺材料,None,0,全职业,性别不限,Level
630,羽毛,工艺材料,None,0,全职业,性别不限,Level
631,白色羽毛,工艺材料,None,0,全职业,性别不限,Level
632,黄色羽毛,工艺材料,None,0,全职业,性别不限,Level
633,强化神珠,宝玉神珠,宝物,0,全职业,性别不限,Level
634,魔性神珠,宝玉神珠,宝物,0,全职业,性别不限,Level
635,仙界神珠,宝玉神珠,宝物,0,全职业,性别不限,Level
636,守护神珠,宝玉神珠,宝物,0,全职业,性别不限,Level
637,勇猛神珠,宝玉神珠,宝物,0,全职业,性别不限,Level
638,制魔神珠,宝玉神珠,宝物,0,全职业,性别不限,Level
639,强化宝玉,宝玉神珠,普通,0,全职业,性别不限,Level
640,魔性宝玉,宝玉神珠,普通,0,全职业,性别不限,Level
641,仙界宝玉,宝玉神珠,普通,0,全职业,性别不限,Level
642,守护宝玉,宝玉神珠,普通,0,全职业,性别不限,Level
643,勇猛宝玉,宝玉神珠,普通,0,全职业,性别不限,Level
644,制魔宝玉,宝玉神珠,普通,0,全职业,性别不限,Level
645,觉醒神珠,宝玉神珠,宝物,0,全职业,性别不限,Level
646,忍耐神珠,宝玉神珠,宝物,0,全职业,性别不限,Level
647,中毒神珠,宝玉神珠,宝物,0,全职业,性别不限,Level
648,疾风神珠,宝玉神珠,宝物,0,全职业,性别不限,Level
649,集中神珠,宝玉神珠,宝物,0,全职业,性别不限,Level
650,酷寒神珠,宝玉神珠,宝物,0,全职业,性别不限,Level
651,回避神珠,宝玉神珠,宝物,0,全职业,性别不限,Level
652,觉醒宝玉,宝玉神珠,普通,0,全职业,性别不限,Level
653,忍耐宝玉,宝玉神珠,普通,0,全职业,性别不限,Level
654,中毒宝玉,宝玉神珠,普通,0,全职业,性别不限,Level
655,疾风宝玉,宝玉神珠,普通,0,全职业,性别不限,Level
656,集中宝玉,宝玉神珠,普通,0,全职业,性别不限,Level
657,酷寒宝玉,宝玉神珠,普通,0,全职业,性别不限,Level
658,回避宝玉,宝玉神珠,普通,0,全职业,性别不限,Level
659,白骨甲(男),盔甲,普通,12,全职业,男性,Level
660,白骨衣(女),盔甲,普通,12,全职业,女性,Level
661,骨斩刀,武器,普通,12,战法道,性别不限,Level
662,白骨头巾,头盔,普通,12,全职业,性别不限,Level
663,监视者头盔,头盔,圣物,43,全职业,性别不限,Level
664,监视者头盔1,头盔,圣物,43,战士,性别不限,Level
665,监视者头盔2,头盔,圣物,43,法师,性别不限,Level
666,监视者头盔3,头盔,圣物,43,道士,性别不限,Level
667,监视者头盔4,头盔,圣物,43,刺客,性别不限,Level
668,监视者头盔5,头盔,圣物,43,弓箭,性别不限,Level
669,监视者手套,手镯,圣物,50,全职业,性别不限,Level
670,监视者手套1,手镯,圣物,50,战士,性别不限,Level
671,监视者手套2,手镯,圣物,50,法师,性别不限,Level
672,监视者手套3,手镯,圣物,50,道士,性别不限,Level
673,监视者手套4,手镯,圣物,50,刺客,性别不限,Level
674,监视者手套5,手镯,圣物,50,弓箭,性别不限,Level
675,监视者之鞋,靴子,圣物,47,全职业,性别不限,Level
676,监视者之鞋1,靴子,圣物,47,战士,性别不限,Level
677,监视者之鞋2,靴子,圣物,47,法师,性别不限,Level
678,监视者之鞋3,靴子,圣物,47,道士,性别不限,Level
679,监视者之鞋4,靴子,圣物,47,刺客,性别不限,Level
680,监视者之鞋5,靴子,圣物,47,弓箭,性别不限,Level
681,红玉鞋,靴子,普通,20,全职业,性别不限,Level
682,软玉鞋,靴子,普通,20,全职业,性别不限,Level
683,白金鞋,靴子,普通,20,全职业,性别不限,Level
684,强化红玉鞋,靴子,普通,30,全职业,性别不限,Level
685,强化软玉鞋,靴子,普通,30,全职业,性别不限,Level
686,强化白金鞋,靴子,普通,30,全职业,性别不限,Level
687,强化红玉腰带,腰带,普通,30,全职业,性别不限,Level
688,强化软玉腰带,腰带,普通,30,全职业,性别不限,Level
689,强化白金腰带,腰带,普通,30,全职业,性别不限,Level
690,红玉腰带,腰带,普通,20,全职业,性别不限,Level
691,软玉腰带,腰带,普通,20,全职业,性别不限,Level
692,白金腰带,腰带,普通,20,全职业,性别不限,Level
693,红玉轮,手镯,普通,23,全职业,性别不限,Level
694,强化红玉轮,手镯,普通,32,全职业,性别不限,Level
695,软玉轮,手镯,普通,23,全职业,性别不限,Level
696,强化软玉轮,手镯,普通,32,全职业,性别不限,Level
697,白金轮,手镯,普通,23,全职业,性别不限,Level
698,强化白金轮,手镯,普通,32,全职业,性别不限,Level
699,强化软玉环,戒指,普通,32,全职业,性别不限,Level
700,强化白金环,戒指,宝物,32,全职业,性别不限,Level
701,强化红玉环,戒指,宝物,32,全职业,性别不限,Level
702,红玉环,戒指,普通,23,全职业,性别不限,Level
703,软玉环,戒指,普通,23,全职业,性别不限,Level
704,白金环,戒指,普通,23,全职业,性别不限,Level
705,虫血戒指,戒指,普通,24,全职业,性别不限,Level
706,红玉项链,项链,普通,23,全职业,性别不限,Level
707,强化白金项链,项链,宝物,32,全职业,性别不限,Level
708,强化软玉项链,项链,普通,32,全职业,性别不限,Level
709,强化红玉项链,项链,普通,32,全职业,性别不限,Level
710,软玉项链,项链,普通,23,全职业,性别不限,Level
711,虫血手镯,手镯,普通,24,全职业,性别不限,Level
712,白金项链,项链,普通,23,全职业,性别不限,Level
713,虫血项链,项链,普通,24,全职业,性别不限,Level
714,寒冰珠,工艺材料,None,0,全职业,性别不限,Level
715,毒素珠,工艺材料,None,0,全职业,性别不限,Level
716,避水珠,工艺材料,None,0,全职业,性别不限,Level
717,准确珠,工艺材料,None,0,全职业,性别不限,Level
718,疾风珠,工艺材料,None,0,全职业,性别不限,Level
719,避毒珠,工艺材料,None,0,全职业,性别不限,Level
720,避魂珠,工艺材料,None,0,全职业,性别不限,Level
721,魔法汤,药水,普通,0,全职业,性别不限,Level
722,魔力汤,药水,普通,0,全职业,性别不限,Level
723,韩方参鸡汤,药水,普通,0,全职业,性别不限,Level
724,生命汤,药水,普通,0,全职业,性别不限,Level
725,药草茶,药水,普通,0,全职业,性别不限,Level
726,攻击汤,药水,普通,0,全职业,性别不限,Level
727,道术汤,药水,普通,0,全职业,性别不限,Level
728,食人花果茶,药水,普通,0,全职业,性别不限,Level
729,体力饺子,药水,普通,0,全职业,性别不限,Level
730,魔力饺子,药水,普通,0,全职业,性别不限,Level
731,力量饺子,药水,普通,0,全职业,性别不限,Level
732,道术饺子,药水,普通,0,全职业,性别不限,Level
733,魔法饺子,药水,普通,0,全职业,性别不限,Level
734,红线,工艺材料,None,0,全职业,性别不限,Level
735,黑线,工艺材料,None,0,全职业,性别不限,Level
736,白线,工艺材料,None,0,全职业,性别不限,Level
737,虫腿,工艺材料,None,0,全职业,性别不限,Level
738,骨头,工艺材料,None,0,全职业,性别不限,Level
739,大骨头,工艺材料,None,0,全职业,性别不限,Level
740,骷髅骨,任务物品,普通,0,全职业,性别不限,Level
741,雪白骷髅骨,任务物品,普通,0,全职业,性别不限,Level
742,兽人牙齿,任务物品,普通,0,全职业,性别不限,Level
743,红蛇牙,任务物品,普通,0,全职业,性别不限,Level
744,颚骨,工艺材料,None,0,全职业,性别不限,Level
745,虫牙,工艺材料,None,0,全职业,性别不限,Level
746,虫眼,工艺材料,None,0,全职业,性别不限,Level
747,僵尸之眼,任务物品,普通,0,全职业,性别不限,Level
748,猎鹰蛋,工艺材料,None,0,全职业,性别不限,Level
749,蘑菇,工艺材料,普通,0,全职业,性别不限,Level
750,乌木果实,工艺材料,None,0,全职业,性别不限,Level
751,体力恢复药(特),药水,普通,0,全职业,性别不限,Level
752,魔力恢复药(特),药水,普通,0,全职业,性别不限,Level
753,打捆体力恢复药(特),特殊消耗品,普通,0,全职业,性别不限,Level
754,打捆魔力恢复药(特),特殊消耗品,普通,0,全职业,性别不限,Level
755,狐月神珠,杂物,None,0,全职业,性别不限,Level
756,天龙神形步,靴子,神物,20,全职业,性别不限,Level
757,天龙神形步1,靴子,神物,20,战士,性别不限,Level
758,天龙神形步2,靴子,神物,20,法师,性别不限,Level
759,天龙神形步3,靴子,神物,20,道士,性别不限,Level
760,天龙神形步4,靴子,神物,20,刺客,性别不限,Level
761,天龙神形步5,靴子,神物,20,弓箭,性别不限,Level
762,龙鳞,工艺材料,None,0,全职业,性别不限,Level
763,天龙燕月神,项链,神物,20,全职业,性别不限,Level
764,天龙燕月神1,项链,神物,20,战士,性别不限,Level
765,天龙燕月神2,项链,神物,20,法师,性别不限,Level
766,天龙燕月神3,项链,神物,20,道士,性别不限,Level
767,天龙燕月神4,项链,神物,20,刺客,性别不限,Level
768,天龙燕月神5,项链,神物,20,弓箭,性别不限,Level
769,天龙魂世环,戒指,神物,20,全职业,性别不限,Level
770,天龙魂世环1,戒指,神物,20,战士,性别不限,Level
771,天龙魂世环2,戒指,神物,20,法师,性别不限,Level
772,天龙魂世环3,戒指,神物,20,道士,性别不限,Level
773,天龙魂世环4,戒指,神物,20,刺客,性别不限,Level
774,天龙魂世环5,戒指,神物,20,弓箭,性别不限,Level
775,天龙反向带,腰带,神物,20,全职业,性别不限,Level
776,天龙狂魔轮,手镯,神物,20,全职业,性别不限,Level
777,天龙狂魔轮1,手镯,神物,20,战士,性别不限,Level
778,天龙狂魔轮2,手镯,神物,20,法师,性别不限,Level
779,天龙狂魔轮3,手镯,神物,20,道士,性别不限,Level
780,天龙狂魔轮4,手镯,神物,20,刺客,性别不限,Level
781,天龙狂魔轮5,手镯,神物,20,弓箭,性别不限,Level
782,天龙除魂帽,头盔,神物,20,全职业,性别不限,Level
783,天龙除魂帽1,头盔,神物,20,战士,性别不限,Level
784,天龙除魂帽2,头盔,神物,20,法师,性别不限,Level
785,天龙除魂帽3,头盔,神物,20,道士,性别不限,Level
786,天龙除魂帽4,头盔,神物,20,刺客,性别不限,Level
787,天龙除魂帽5,头盔,神物,20,弓箭,性别不限,Level
788,天龙神型夺命剑,武器,神物,20,全职业,性别不限,Level
789,天龙神型夺命剑10,武器,神物,20,战士,性别不限,Level
790,天龙神型夺命剑11,武器,神物,20,战士,性别不限,Level
791,天龙神型夺命剑12,武器,神物,20,战士,性别不限,Level
792,天龙神型夺命剑20,武器,神物,20,法师,性别不限,Level
793,天龙神型夺命剑21,武器,神物,20,法师,性别不限,Level
794,天龙神型夺命剑22,武器,神物,20,法师,性别不限,Level
795,天龙神型夺命剑30,武器,神物,20,道士,性别不限,Level
796,天龙神型夺命剑31,武器,神物,20,道士,性别不限,Level
797,天龙神型夺命剑32,武器,神物,20,道士,性别不限,Level
798,龙之宝剑,任务物品,普通,0,全职业,性别不限,Level
799,袜子1,任务物品,普通,0,全职业,性别不限,Level
800,袜子2,任务物品,普通,0,全职业,性别不限,Level
801,袜子3,任务物品,普通,0,全职业,性别不限,Level
802,袜子4,任务物品,普通,0,全职业,性别不限,Level
803,袜子5,任务物品,普通,0,全职业,性别不限,Level
804,袜子6,任务物品,普通,0,全职业,性别不限,Level
805,袜子7,任务物品,普通,0,全职业,性别不限,Level
806,死亡之心,任务物品,普通,0,全职业,性别不限,Level
807,僵尸之心,任务物品,普通,0,全职业,性别不限,Level
808,染料包1,任务物品,普通,0,全职业,性别不限,Level
809,染料包2,任务物品,普通,0,全职业,性别不限,Level
810,染料包3,任务物品,普通,0,全职业,性别不限,Level
811,染料包4,任务物品,普通,0,全职业,性别不限,Level
812,染料包5,任务物品,普通,0,全职业,性别不限,Level
813,巧克力,工艺材料,None,0,全职业,性别不限,Level
814,草鞋材料,工艺材料,None,0,全职业,性别不限,Level
815,棒棒糖,工艺材料,None,0,全职业,性别不限,Level
816,薄荷糖,工艺材料,None,0,全职业,性别不限,Level
817,坚固的绳子,工艺材料,None,0,全职业,性别不限,Level
818,缝纫用品,宝玉神珠,普通,0,全职业,性别不限,Level
819,骨锤,宝玉神珠,普通,0,全职业,性别不限,Level
820,火炬,照明物,普通,0,全职业,性别不限,Level
821,昆虫标本,任务物品,普通,0,全职业,性别不限,Level
822,网,任务物品,普通,0,全职业,性别不限,Level
823,蜘蛛网,工艺材料,None,0,全职业,性别不限,Level
824,邀请函,任务物品,普通,0,全职业,性别不限,Level
825,染料,任务物品,普通,0,全职业,性别不限,Level
826,黄金花纹靴,靴子,宝物,50,全职业,性别不限,Level
827,858宝箱,工艺材料,None,0,全职业,性别不限,Level
828,邪眼骷髅,工艺材料,None,0,全职业,性别不限,Level
829,金牌,工艺材料,None,0,全职业,性别不限,Level
830,银牌,工艺材料,None,0,全职业,性别不限,Level
831,铜牌,工艺材料,None,0,全职业,性别不限,Level
832,木头剑,工艺材料,None,0,全职业,性别不限,Level
833,血色剑,工艺材料,None,0,全职业,性别不限,Level
834,礼包盒,工艺材料,None,0,全职业,性别不限,Level
835,犀角,工艺材料,None,0,全职业,性别不限,Level
836,金蛋,杂物,普通,0,全职业,性别不限,Level
837,穷奇蛋,怪物蛋,宝物,0,全职业,性别不限,Level
838,穷奇蛋(城邦),怪物蛋,宝物,0,全职业,性别不限,Level
839,麒麟蛋,怪物蛋,宝物,0,全职业,性别不限,Level
840,麒麟蛋(城邦),怪物蛋,宝物,0,全职业,性别不限,Level
841,莲蓬,工艺材料,None,0,全职业,性别不限,Level
842,牛皮酒袋,工艺材料,None,0,全职业,性别不限,Level
843,勇猛水,药水,普通,7,全职业,性别不限,Level
844,魔性水,药水,普通,0,全职业,性别不限,Level
845,仙界水,药水,普通,0,全职业,性别不限,Level
846,海藻药,坐骑食物,普通,7,全职业,性别不限,Level
847,不明矿物,杂物,None,0,全职业,性别不限,Level
848,雪之花,特殊消耗品,普通,0,全职业,性别不限,Level
849,骷髅令牌,杂物,None,0,全职业,性别不限,Level
850,花冠,头盔,普通,10,全职业,性别不限,Level
851,仙人戒指,戒指,圣物,50,全职业,性别不限,Level
852,仙人戒指01,戒指,圣物,16,全职业,性别不限,Level
853,任务指环,戒指,None,1,全职业,性别不限,Level
854,任务戒指,戒指,None,1,全职业,性别不限,Level
855,一束玫瑰,戒指,圣物,50,全职业,性别不限,Level
856,破玉1,戒指,圣物,50,全职业,性别不限,Level
857,破玉2,戒指,圣物,50,全职业,性别不限,Level
858,完整玉佩,戒指,圣物,50,全职业,性别不限,Level
859,忠诚药,坐骑食物,普通,7,全职业,性别不限,Level
860,西瓜,杂物,普通,50,全职业,性别不限,Level
861,一块西瓜,药水,普通,50,全职业,性别不限,Level
862,冰激凌,杂物,普通,50,全职业,性别不限,Level
863,黑狐戒指,戒指,宝物,40,全职业,性别不限,Level
864,红狐戒指,戒指,宝物,40,全职业,性别不限,Level
865,蓝狐戒指,戒指,宝物,40,全职业,性别不限,Level
866,墨素瑛环,戒指,圣物,45,全职业,性别不限,Level
867,红花苓环,戒指,圣物,45,全职业,性别不限,Level
868,素雪瑛环,戒指,圣物,45,全职业,性别不限,Level
869,黑狐套袖,手镯,宝物,42,全职业,性别不限,Level
870,红狐套袖,手镯,宝物,42,全职业,性别不限,Level
871,蓝狐套袖,手镯,宝物,42,全职业,性别不限,Level
872,黑月套袖,手镯,圣物,47,全职业,性别不限,Level
873,紫缎套袖,手镯,圣物,47,全职业,性别不限,Level
874,苍绸套袖,手镯,圣物,47,全职业,性别不限,Level
875,黑狐项链,项链,圣物,44,全职业,性别不限,Level
876,红狐项链,项链,圣物,44,全职业,性别不限,Level
877,蓝狐项链,项链,圣物,44,全职业,性别不限,Level
878,黑月神瑛,项链,圣物,49,全职业,性别不限,Level
879,赤月神瑛,项链,圣物,49,全职业,性别不限,Level
880,悲月神瑛,项链,圣物,49,全职业,性别不限,Level
881,经验球,杂物,普通,50,全职业,性别不限,Level
882,奇异药水0,灵物,普通,0,全职业,性别不限,Level
883,奇异药水3,灵物,普通,0,全职业,性别不限,Level
884,奇异药水4,灵物,普通,0,全职业,性别不限,Level
885,奇异药水1,灵物,普通,0,全职业,性别不限,Level
886,奇异药水2,灵物,普通,0,全职业,性别不限,Level
887,奇异药水5,灵物,普通,0,全职业,性别不限,Level
888,奇异药水6,灵物,普通,0,全职业,性别不限,Level
889,兔子草,杂物,普通,0,全职业,性别不限,Level
890,祝福糕,任务物品,普通,0,全职业,性别不限,Level
891,南瓜头,头盔,普通,7,全职业,性别不限,Level
892,南瓜糖,任务物品,普通,0,全职业,性别不限,Level
893,万圣棒棒糖,任务物品,普通,0,全职业,性别不限,Level
894,万圣巧克力,任务物品,普通,0,全职业,性别不限,Level
895,祈祷匕首,武器,普通,0,全职业,性别不限,Level
896,圣诞水,任务物品,普通,0,全职业,性别不限,Level
897,圣诞铃铛,守护石,None,0,全职业,性别不限,Level
898,圣诞糖,任务物品,普通,0,全职业,性别不限,Level
899,圣诞南瓜头,任务物品,普通,0,全职业,性别不限,Level
900,犀牛大角,任务物品,普通,0,全职业,性别不限,Level
901,犀牛大角1,任务物品,普通,0,全职业,性别不限,Level
902,大经验球,任务物品,普通,0,全职业,性别不限,Level
903,封印戒指,戒指,普通,40,全职业,性别不限,Level
904,面团,任务物品,普通,0,全职业,性别不限,Level
905,食人花茎,任务物品,普通,0,全职业,性别不限,Level
906,白颈瓶,任务物品,普通,0,全职业,性别不限,Level
907,铜叶,任务物品,普通,0,全职业,性别不限,Level
908,铜块,任务物品,普通,0,全职业,性别不限,Level
909,奖章,任务物品,普通,0,全职业,性别不限,Level
910,春天首饰盒,特殊消耗品,普通,0,全职业,性别不限,Level
911,黄龙玉,守护石,普通,0,全职业,性别不限,Level
912,骷髅头,任务物品,普通,0,全职业,性别不限,Level
913,骷髅头骨,任务物品,普通,0,全职业,性别不限,Level
914,雪白矿,任务物品,普通,0,全职业,性别不限,Level
915,雪白矿瓶,任务物品,普通,0,全职业,性别不限,Level
916,落霞,戒指,圣物,1,全职业,性别不限,Level
917,孤鹜,手镯,圣物,1,全职业,性别不限,Level
918,秋水,项链,圣物,1,全职业,性别不限,Level
919,长天,戒指,圣物,1,全职业,性别不限,Level
920,红角,任务物品,普通,0,全职业,性别不限,Level
921,金角,任务物品,普通,0,全职业,性别不限,Level
922,青角,任务物品,普通,0,全职业,性别不限,Level
923,白角,任务物品,普通,0,全职业,性别不限,Level
924,足球,任务物品,普通,0,全职业,性别不限,Level
925,红足球鞋,任务物品,普通,0,全职业,性别不限,Level
926,韩国旗,任务物品,普通,0,全职业,性别不限,Level
927,美国旗,任务物品,普通,0,全职业,性别不限,Level
928,赤之魔甲(男),盔甲,宝物,42,战法道,男性,Level
929,绿之魔甲(男),盔甲,宝物,42,战法道,男性,Level
930,青之魔甲(男),盔甲,宝物,42,战法道,男性,Level
931,寒冰火炬3,任务物品,普通,0,全职业,性别不限,Level
932,赤之魔甲(女),盔甲,宝物,42,战法道,女性,Level
933,绿之魔甲(女),盔甲,宝物,42,战法道,女性,Level
934,青之魔甲(女),盔甲,宝物,42,战法道,女性,Level
935,巧克力冰激凌,药水,普通,0,全职业,性别不限,Level
936,甜美冰淇淋,药水,普通,0,全职业,性别不限,Level
937,酸甜冰淇淋,药水,普通,0,全职业,性别不限,Level
938,甜甜圈1,药水,普通,0,全职业,性别不限,Level
939,甜甜圈2,药水,普通,0,全职业,性别不限,Level
940,甜甜圈3,药水,普通,0,全职业,性别不限,Level
941,甜甜圈4,药水,普通,0,全职业,性别不限,Level
942,甜甜圈5,药水,普通,0,全职业,性别不限,Level
943,甜甜圈6,药水,普通,0,全职业,性别不限,Level
944,海螺1,任务物品,普通,0,全职业,性别不限,Level
945,海螺2,任务物品,普通,0,全职业,性别不限,Level
946,海螺3,任务物品,普通,0,全职业,性别不限,Level
947,海螺4,任务物品,普通,0,全职业,性别不限,Level
948,海螺5,任务物品,普通,0,全职业,性别不限,Level
949,海螺6,任务物品,普通,0,全职业,性别不限,Level
950,奶油包,任务物品,普通,0,全职业,性别不限,Level
951,十字镖,任务物品,普通,0,全职业,性别不限,Level
952,大头蒜,任务物品,普通,0,全职业,性别不限,Level
953,盟约戒指,戒指,宝物,50,全职业,性别不限,Level
954,金龙之链戒指,戒指,圣物,55,全职业,性别不限,Level
955,血玉环,戒指,宝物,50,全职业,性别不限,Level
956,飞曜环,戒指,圣物,55,全职业,性别不限,Level
957,五行连环,戒指,宝物,50,全职业,性别不限,Level
958,金刚伏魔环,戒指,圣物,55,全职业,性别不限,Level
959,暴虎归山,手镯,圣物,57,全职业,性别不限,Level
960,铁魔双轮,手镯,宝物,52,全职业,性别不限,Level
961,曜火虹轮,手镯,宝物,52,全职业,性别不限,Level
962,曜宝探魔轮,手镯,圣物,57,全职业,性别不限,Level
963,玉女天使,手镯,宝物,52,全职业,性别不限,Level
964,五行悟思轮,手镯,圣物,57,全职业,性别不限,Level
965,破角,项链,宝物,54,全职业,性别不限,Level
966,金刚陶坠,项链,圣物,59,全职业,性别不限,Level
967,针坠,项链,宝物,54,全职业,性别不限,Level
968,曜紫天坠,项链,圣物,59,全职业,性别不限,Level
969,心如明镜,项链,宝物,54,全职业,性别不限,Level
970,秀女十字盘,项链,圣物,59,全职业,性别不限,Level
971,暴压项链,项链,圣物,56,全职业,性别不限,Level
972,暴压项链1,项链,圣物,56,战士刺客,性别不限,Level
973,暴压项链2,项链,圣物,56,法师,性别不限,Level
974,暴压项链3,项链,圣物,56,道士,性别不限,Level
975,暴压项链5,项链,圣物,56,刺客,性别不限,Level
976,英雄环,戒指,圣物,52,全职业,性别不限,Level
977,天雄环,戒指,圣物,52,全职业,性别不限,Level
978,魔神鬼影,项链,普通,76,全职业,性别不限,MaxDC
979,魔玉电影,项链,普通,56,全职业,性别不限,MaxMC
980,昆仑眼泪,项链,普通,46,全职业,性别不限,MaxSC
981,魔神戒指,戒指,宝物,74,全职业,性别不限,MaxDC
982,柔云戒指,戒指,宝物,56,全职业,性别不限,MaxMC
983,毒素戒指,戒指,宝物,46,全职业,性别不限,MaxSC
984,太阴手镯,手镯,宝物,49,全职业,性别不限,Level
985,清灵指环,戒指,普通,42,战士刺客,性别不限,Level
986,玲珑指环,戒指,普通,42,战士刺客,性别不限,Level
987,魔灵指环,戒指,普通,42,法师,性别不限,Level
988,鸣龙指环,戒指,普通,42,法师,性别不限,Level
989,水灵指环,戒指,普通,42,道士,性别不限,Level
990,神灵指环,戒指,普通,42,道士,性别不限,Level
991,暴压戒指,戒指,圣物,52,全职业,性别不限,Level
992,暴压戒指1,戒指,圣物,52,战士刺客,性别不限,Level
993,暴压戒指2,戒指,圣物,52,法师,性别不限,Level
994,暴压戒指3,戒指,圣物,52,道士,性别不限,Level
995,暴压戒指5,戒指,圣物,52,弓箭,性别不限,Level
996,暴压护腕,手镯,圣物,50,全职业,性别不限,Level
997,暴压护腕1,手镯,圣物,50,战士,性别不限,Level
998,暴压护腕2,手镯,圣物,50,法师,性别不限,Level
999,暴压护腕3,手镯,圣物,50,道士,性别不限,Level
1000,暴压护腕4,手镯,圣物,50,刺客,性别不限,Level
1001,暴压护腕5,手镯,圣物,50,弓箭,性别不限,Level
1002,黑虎甲胄(男),盔甲,宝物,46,战法道,男性,Level
1003,莲盛魔衣(男),盔甲,宝物,46,战法道,男性,Level
1004,鹤羽圣衣(男),盔甲,宝物,46,战法道,男性,Level
1005,监视者铠甲(男),盔甲,圣物,52,全职业,男性,Level
1006,监视者铠甲(男)1,盔甲,圣物,52,战士,男性,Level
1007,监视者铠甲(男)2,盔甲,圣物,52,法师,男性,Level
1008,监视者铠甲(男)3,盔甲,圣物,52,道士,男性,Level
1009,监视者铠甲(男)4,盔甲,圣物,52,刺客,男性,Level
1010,监视者铠甲(男)5,盔甲,圣物,52,弓箭,男性,Level
1011,兽魂甲胄(男),盔甲,宝物,40,战士,男性,Level
1012,迷魂幻衣(男),盔甲,宝物,40,法师,男性,Level
1013,青魂仙衣(男),盔甲,宝物,40,道士,男性,Level
1014,魁月刺甲(男),盔甲,宝物,40,刺客,男性,Level
1015,黑虎甲胄(女),盔甲,宝物,46,战法道,女性,Level
1016,莲盛魔衣(女),盔甲,宝物,46,战法道,女性,Level
1017,鹤羽圣衣(女),盔甲,宝物,46,战法道,女性,Level
1018,监视者铠甲(女),盔甲,圣物,52,全职业,女性,Level
1019,监视者铠甲(女)1,盔甲,圣物,52,战士,女性,Level
1020,监视者铠甲(女)2,盔甲,圣物,52,法师,女性,Level
1021,监视者铠甲(女)3,盔甲,圣物,52,道士,女性,Level
1022,监视者铠甲(女)4,盔甲,圣物,52,刺客,女性,Level
1023,监视者铠甲(女)5,盔甲,圣物,52,弓箭,女性,Level
1024,兽魂甲胄(女),盔甲,宝物,40,战士,女性,Level
1025,迷魂幻衣(女),盔甲,宝物,40,法师,女性,Level
1026,青魂仙衣(女),盔甲,宝物,40,道士,女性,Level
1027,魁月刺甲(女),盔甲,圣物,40,刺客,女性,Level
1028,草药标本,任务物品,普通,0,全职业,性别不限,Level
1029,张皮子,杂物,None,45,全职业,性别不限,Level
1030,绿草药,任务物品,普通,0,全职业,性别不限,Level
1031,毛线球,杂物,None,45,全职业,性别不限,Level
1032,水晶标本,任务物品,普通,0,全职业,性别不限,Level
1033,守护符文,杂物,None,45,全职业,性别不限,Level
1034,守符文石,杂物,None,45,全职业,性别不限,Level
1035,岩石标本,任务物品,普通,0,全职业,性别不限,Level
1036,冰封守护石,守护石,None,45,全职业,性别不限,Level
1037,骷髅包裹,任务物品,普通,0,全职业,性别不限,Level
1038,草鞋,任务物品,普通,0,全职业,性别不限,Level
1039,任药水1,任务物品,普通,0,全职业,性别不限,Level
1040,任药水2,任务物品,普通,0,全职业,性别不限,Level
1041,任药水3,任务物品,普通,0,全职业,性别不限,Level
1042,任药水4,任务物品,普通,0,全职业,性别不限,Level
1043,任药水5,任务物品,普通,0,全职业,性别不限,Level
1044,公孙赠票,任务物品,普通,0,全职业,性别不限,Level
1045,炼金锅,任务物品,普通,0,全职业,性别不限,Level
1046,万福糕点,任务物品,普通,0,全职业,性别不限,Level
1047,旧法袍,任务物品,普通,0,全职业,性别不限,Level
1048,大白菜,任务物品,普通,0,全职业,性别不限,Level
1049,圣诞帽,任务物品,普通,0,全职业,性别不限,Level
1050,圣诞手套,任务物品,普通,0,全职业,性别不限,Level
1051,圣诞鞋,任务物品,普通,0,全职业,性别不限,Level
1052,圣诞蛋糕,任务物品,普通,0,全职业,性别不限,Level
1053,猪头,任务物品,普通,0,全职业,性别不限,Level
1054,猪排,任务物品,普通,0,全职业,性别不限,Level
1055,牛肋排,任务物品,普通,0,全职业,性别不限,Level
1056,剑身1,任务物品,普通,0,全职业,性别不限,Level
1057,剑身2,任务物品,普通,0,全职业,性别不限,Level
1058,剑身3,任务物品,普通,0,全职业,性别不限,Level
1059,草莓棉花糖,药水,普通,1,全职业,性别不限,Level
1060,蓝莓棉花糖,药水,普通,1,全职业,性别不限,Level
1061,幸运康乃馨,照明物,普通,0,全职业,性别不限,Level
1062,祝福康乃馨1,照明物,普通,0,全职业,性别不限,Level
1063,祝福康乃馨2,照明物,普通,0,全职业,性别不限,Level
1064,祝福康乃馨3,照明物,普通,0,全职业,性别不限,Level
1065,祝福康乃馨4,照明物,普通,0,全职业,性别不限,Level
1066,祝福康乃馨5,照明物,普通,0,全职业,性别不限,Level
1067,鞭炮,特殊消耗品,普通,0,全职业,性别不限,Level
1068,土堆1,任务物品,普通,0,全职业,性别不限,Level
1069,土堆2,任务物品,普通,0,全职业,性别不限,Level
1070,土堆3,任务物品,普通,0,全职业,性别不限,Level
1071,糖果1,任务物品,普通,0,全职业,性别不限,Level
1072,糖果2,任务物品,普通,0,全职业,性别不限,Level
1073,糖果3,任务物品,普通,0,全职业,性别不限,Level
1074,糖果4,任务物品,普通,0,全职业,性别不限,Level
1075,糖果5,任务物品,普通,0,全职业,性别不限,Level
1076,糖果6,任务物品,普通,0,全职业,性别不限,Level
1077,糖果7,任务物品,普通,0,全职业,性别不限,Level
1078,绿叶,任务物品,普通,0,全职业,性别不限,Level
1079,黄叶,任务物品,普通,0,全职业,性别不限,Level
1080,红叶,任务物品,普通,0,全职业,性别不限,Level
1081,树枝,任务物品,普通,0,全职业,性别不限,Level
1082,绿叶冠,头盔,普通,7,全职业,性别不限,Level
1083,白色粉末,任务物品,普通,0,全职业,性别不限,Level
1084,黄色粉末,任务物品,普通,0,全职业,性别不限,Level
1085,黑色粉末,任务物品,普通,0,全职业,性别不限,Level
1086,夏日赠票,杂物,普通,0,全职业,性别不限,Level
1087,家,杂物,普通,0,全职业,性别不限,Level
1088,和,杂物,普通,0,全职业,性别不限,Level
1089,万,杂物,普通,0,全职业,性别不限,Level
1090,事,杂物,普通,0,全职业,性别不限,Level
1091,成,杂物,普通,0,全职业,性别不限,Level
1092,金苹果(灵物),灵物,普通,1,全职业,性别不限,Level
1093,战鼓,任务物品,普通,0,全职业,性别不限,Level
1094,黑虎斧,武器,圣物,50,战法道,性别不限,Level
1095,黑虎斧1,武器,圣物,50,战法道,性别不限,Level
1096,黑虎斧2,武器,圣物,50,战法道,性别不限,Level
1097,火莲杖,武器,圣物,50,战法道,性别不限,Level
1098,火莲杖1,武器,圣物,50,战法道,性别不限,Level
1099,火莲杖2,武器,圣物,50,战法道,性别不限,Level
1100,鹤羽扇,武器,圣物,50,战法道,性别不限,Level
1101,鹤羽扇1,武器,圣物,50,战法道,性别不限,Level
1102,鹤羽扇2,武器,圣物,50,战法道,性别不限,Level
1103,阎狱之剑,武器,圣物,52,全职业,性别不限,Level
1104,阎狱之剑10,武器,圣物,52,战士,性别不限,Level
1105,阎狱之剑11,武器,圣物,52,战士,性别不限,Level
1106,阎狱之剑12,武器,圣物,52,战士,性别不限,Level
1107,阎狱之剑20,武器,圣物,52,法师,性别不限,Level
1108,阎狱之剑21,武器,圣物,52,法师,性别不限,Level
1109,阎狱之剑22,武器,圣物,52,法师,性别不限,Level
1110,阎狱之剑30,武器,圣物,52,道士,性别不限,Level
1111,阎狱之剑31,武器,圣物,52,道士,性别不限,Level
1112,阎狱之剑32,武器,圣物,52,道士,性别不限,Level
1113,碧血混水剑,武器,圣物,65,战士,性别不限,Level
1114,虹玄混地剑,武器,圣物,65,法师,性别不限,Level
1115,翊仙混真扇,武器,圣物,65,道士,性别不限,Level
1116,飞燕混月剑,武器,圣物,65,刺客,性别不限,Level
1117,绿色水晶,工艺材料,普通,0,全职业,性别不限,Level
1118,黄道晶石,工艺材料,普通,0,全职业,性别不限,Level
1119,破坏晶石,工艺材料,普通,0,全职业,性别不限,Level
1120,血力晶石,工艺材料,普通,0,全职业,性别不限,Level
1121,蓝魔晶石,工艺材料,普通,0,全职业,性别不限,Level
1122,粉色晶石,工艺材料,普通,0,全职业,性别不限,Level
1123,盔甲符文(魔),工艺材料,None,0,全职业,性别不限,Level
1124,盔甲符文(道),工艺材料,None,0,全职业,性别不限,Level
1125,盔甲符文(力),工艺材料,None,0,全职业,性别不限,Level
1126,魔力符文,工艺材料,None,0,全职业,性别不限,Level
1127,道术符文,工艺材料,None,0,全职业,性别不限,Level
1128,研磨玉,工艺材料,普通,0,全职业,性别不限,Level
1129,护甲模具,工艺材料,None,0,全职业,性别不限,Level
1130,黄色钥匙,工艺材料,None,0,全职业,性别不限,Level
1131,绿色钥匙,工艺材料,None,0,全职业,性别不限,Level
1132,红色钥匙,工艺材料,None,0,全职业,性别不限,Level
1133,银色钥匙,工艺材料,None,0,全职业,性别不限,Level
1134,金徽章,任务物品,普通,0,全职业,性别不限,Level
1135,失窃的金币,任务物品,普通,0,全职业,性别不限,Level
1136,银徽章,任务物品,普通,0,全职业,性别不限,Level
1137,失窃的银币,任务物品,普通,0,全职业,性别不限,Level
1138,铜徽章,任务物品,普通,0,全职业,性别不限,Level
1139,未知铜币,杂物,普通,0,全职业,性别不限,Level
1140,发光铂金矿石,工艺材料,None,0,全职业,性别不限,Level
1141,国王的骄傲,头盔,圣物,44,战士,性别不限,Level
1142,仙界的冥想,头盔,圣物,44,道士,性别不限,Level
1143,魔王的双角,头盔,圣物,44,法师,性别不限,Level
1144,蛇躯,杂物,None,0,全职业,性别不限,Level
1145,老树根,杂物,None,0,全职业,性别不限,Level
1146,蜈蚣腿,杂物,None,0,全职业,性别不限,Level
1147,树根2,杂物,None,0,全职业,性别不限,Level
1148,树根3,杂物,None,0,全职业,性别不限,Level
1149,不死之狼皮,杂物,None,0,全职业,性别不限,Level
1150,兽皮,杂物,None,0,全职业,性别不限,Level
1151,犀牛皮,杂物,None,0,全职业,性别不限,Level
1152,猛犸白象皮,杂物,None,0,全职业,性别不限,Level
1153,恶魔之狼皮,杂物,None,0,全职业,性别不限,Level
1154,古代皮革,杂物,None,0,全职业,性别不限,Level
1155,玄天守护石,守护石,普通,0,全职业,性别不限,Level
1156,玄天守护石1,守护石,宝物,0,全职业,性别不限,Level
1157,玄天守护石2,守护石,圣物,0,全职业,性别不限,Level
1158,材1423料,杂物,None,0,全职业,性别不限,Level
1159,材1424料,杂物,None,0,全职业,性别不限,Level
1160,玄天原石,工艺材料,普通,0,全职业,性别不限,Level
1161,材1431料,杂物,None,0,全职业,性别不限,Level
1162,材1432料,杂物,None,0,全职业,性别不限,Level
1163,玄天马石,杂物,普通,0,全职业,性别不限,Level
1164,材1434料,杂物,None,0,全职业,性别不限,Level
1165,材1440料,杂物,None,0,全职业,性别不限,Level
1166,材1441料,杂物,None,0,全职业,性别不限,Level
1167,材1442料,杂物,None,0,全职业,性别不限,Level
1168,材1443料,杂物,None,0,全职业,性别不限,Level
1169,材1444料,杂物,None,0,全职业,性别不限,Level
1170,材1445料,杂物,None,0,全职业,性别不限,Level
1171,材1446料,杂物,None,0,全职业,性别不限,Level
1172,材1447料,杂物,None,0,全职业,性别不限,Level
1173,材1448料,杂物,None,0,全职业,性别不限,Level
1174,材1449料,杂物,None,0,全职业,性别不限,Level
1175,材1450料,杂物,None,0,全职业,性别不限,Level
1176,材1451料,杂物,None,0,全职业,性别不限,Level
1177,材1452料,杂物,None,0,全职业,性别不限,Level
1178,材1453料,杂物,None,0,全职业,性别不限,Level
1179,材1454料,杂物,None,0,全职业,性别不限,Level
1180,材1455料,杂物,None,0,全职业,性别不限,Level
1181,材1456料,杂物,None,0,全职业,性别不限,Level
1182,材1457料,杂物,None,0,全职业,性别不限,Level
1183,材1458料,杂物,None,0,全职业,性别不限,Level
1184,材1459料,杂物,None,0,全职业,性别不限,Level
1185,材1460料,杂物,None,0,全职业,性别不限,Level
1186,材1461料,杂物,None,0,全职业,性别不限,Level
1187,材1462料,杂物,None,0,全职业,性别不限,Level
1188,材1463料,杂物,None,0,全职业,性别不限,Level
1189,材1464料,杂物,None,0,全职业,性别不限,Level
1190,材1465料,杂物,None,0,全职业,性别不限,Level
1191,材1466料,杂物,None,0,全职业,性别不限,Level
1192,材1467料,杂物,None,0,全职业,性别不限,Level
1193,材1468料,杂物,None,0,全职业,性别不限,Level
1194,材1469料,杂物,None,0,全职业,性别不限,Level
1195,材1470料,杂物,None,0,全职业,性别不限,Level
1196,材1471料,杂物,None,0,全职业,性别不限,Level
1197,材1472料,杂物,None,0,全职业,性别不限,Level
1198,材1473料,杂物,None,0,全职业,性别不限,Level
1199,材1474料,杂物,None,0,全职业,性别不限,Level
1200,材1475料,杂物,None,0,全职业,性别不限,Level
1201,材1476料,杂物,None,0,全职业,性别不限,Level
1202,材1477料,杂物,None,0,全职业,性别不限,Level
1203,材1478料,杂物,None,0,全职业,性别不限,Level
1204,材1479料,杂物,None,0,全职业,性别不限,Level
1205,材1480料,杂物,None,0,全职业,性别不限,Level
1206,材1481料,杂物,None,0,全职业,性别不限,Level
1207,材1482料,杂物,None,0,全职业,性别不限,Level
1208,材1483料,杂物,None,0,全职业,性别不限,Level
1209,材1484料,杂物,None,0,全职业,性别不限,Level
1210,材1485料,杂物,None,0,全职业,性别不限,Level
1211,材1486料,杂物,None,0,全职业,性别不限,Level
1212,材1487料,杂物,None,0,全职业,性别不限,Level
1213,材1488料,杂物,None,0,全职业,性别不限,Level
1214,材1489料,杂物,None,0,全职业,性别不限,Level
1215,材1490料,杂物,None,0,全职业,性别不限,Level
1216,材1491料,杂物,None,0,全职业,性别不限,Level
1217,材1492料,杂物,None,0,全职业,性别不限,Level
1218,珍珠球,任务物品,普通,0,全职业,性别不限,Level
1219,药1689水,杂物,普通,0,全职业,性别不限,Level
1220,药1690水,杂物,普通,0,全职业,性别不限,Level
1221,药1691水,杂物,普通,0,全职业,性别不限,Level
1222,赠呈水,药水,普通,0,全职业,性别不限,Level
1223,强化破坏水1,药水,普通,0,全职业,性别不限,Level
1224,强化破坏水3,药水,普通,0,全职业,性别不限,Level
1225,强化破坏水5,药水,普通,0,全职业,性别不限,Level
1226,强化魔力水1,药水,普通,0,全职业,性别不限,Level
1227,强化魔力水3,药水,普通,0,全职业,性别不限,Level
1228,强化魔力水5,药水,普通,0,全职业,性别不限,Level
1229,强化道力水1,药水,普通,0,全职业,性别不限,Level
1230,强化道力水3,药水,普通,0,全职业,性别不限,Level
1231,强化道力水5,药水,普通,0,全职业,性别不限,Level
1232,药1702水,杂物,普通,0,全职业,性别不限,Level
1233,药1703水,杂物,普通,0,全职业,性别不限,Level
1234,药1704水,杂物,普通,0,全职业,性别不限,Level
1235,强化体能水30,药水,普通,0,全职业,性别不限,Level
1236,强化体能水[3h],药水,普通,0,全职业,性别不限,Level
1237,强化体能水[5h],药水,普通,0,全职业,性别不限,Level
1238,强化魔法水30,药水,普通,0,全职业,性别不限,Level
1239,强化魔法水[3h],药水,普通,0,全职业,性别不限,Level
1240,强化魔法水[5h],药水,普通,0,全职业,性别不限,Level
1241,狂风药水30,药水,普通,0,全职业,性别不限,Level
1242,风之狂风药水30,药水,普通,0,全职业,性别不限,Level
1243,幸运药水30,药水,普通,0,全职业,性别不限,Level
1244,幸运药水[1h],药水,普通,0,全职业,性别不限,Level
1245,药1709水,杂物,普通,0,全职业,性别不限,Level
1246,能量圣水[7d],药水,普通,0,全职业,性别不限,Level
1247,能量圣水[15d],药水,普通,0,全职业,性别不限,Level
1248,智慧圣水[3h],药水,普通,0,全职业,性别不限,Level
1249,智慧圣水[15d],药水,普通,0,全职业,性别不限,Level
1250,药1713水,杂物,普通,0,全职业,性别不限,Level
1251,药1714水,杂物,普通,0,全职业,性别不限,Level
1252,药1715水,杂物,普通,0,全职业,性别不限,Level
1253,药1716水,杂物,普通,0,全职业,性别不限,Level
1254,药1717盒,杂物,普通,0,全职业,性别不限,Level
1255,狂风水[1h],杂物,普通,0,全职业,性别不限,Level
1256,狂风水[3h],杂物,普通,0,全职业,性别不限,Level
1257,狂风药水3,杂物,普通,0,全职业,性别不限,Level
1258,药1720水,杂物,普通,0,全职业,性别不限,Level
1259,药1721水,杂物,普通,0,全职业,性别不限,Level
1260,药1722瓶,杂物,普通,0,全职业,性别不限,Level
1261,药1723瓶,杂物,普通,0,全职业,性别不限,Level
1262,仙活水,药水,普通,0,全职业,性别不限,Level
1263,药1725瓶,杂物,普通,0,全职业,性别不限,Level
1264,药1726瓶,杂物,普通,0,全职业,性别不限,Level
1265,药1727红瓶,杂物,普通,0,全职业,性别不限,Level
1266,药1728蓝瓶,杂物,普通,0,全职业,性别不限,Level
1267,药1729紫瓶,杂物,普通,0,全职业,性别不限,Level
1268,药水1730(金),杂物,普通,0,全职业,性别不限,Level
1269,药水1731(金),杂物,普通,0,全职业,性别不限,Level
1270,药水1732(金),杂物,普通,0,全职业,性别不限,Level
1271,经验值20%卷,特殊消耗品,普通,0,全职业,性别不限,Level
1272,Test1791,特殊消耗品,神物,0,全职业,性别不限,Level
1273,免罪卷轴,特殊消耗品,普通,0,全职业,性别不限,Level
1274,装备锁定卷轴,宝玉神珠,宝物,0,全职业,性别不限,Level
1275,装备嵌孔卷轴,宝玉神珠,宝物,0,全职业,性别不限,Level
1276,卷轴1795,特殊消耗品,神物,0,全职业,性别不限,Level
1277,坤石,镶嵌宝石,圣物,0,全职业,性别不限,Level
1278,艮石,镶嵌宝石,圣物,0,全职业,性别不限,Level
1279,坎石,镶嵌宝石,圣物,0,全职业,性别不限,Level
1280,巽石,镶嵌宝石,圣物,0,全职业,性别不限,Level
1281,震石,镶嵌宝石,圣物,0,全职业,性别不限,Level
1282,离石,镶嵌宝石,圣物,0,全职业,性别不限,Level
1283,兑石,镶嵌宝石,圣物,0,全职业,性别不限,Level
1284,乾石,镶嵌宝石,圣物,0,全职业,性别不限,Level
1285,青龙石,镶嵌宝石,宝物,0,全职业,性别不限,Level
1286,白虎石,镶嵌宝石,宝物,0,全职业,性别不限,Level
1287,朱雀石,镶嵌宝石,宝物,0,全职业,性别不限,Level
1288,玄武石,镶嵌宝石,宝物,0,全职业,性别不限,Level
1289,卷1808轴,杂物,None,0,全职业,性别不限,Level
1290,卷1809轴,杂物,None,0,全职业,性别不限,Level
1291,经验值30%卷,特殊消耗品,普通,0,全职业,性别不限,Level
1292,安息之石[7d],杂物,普通,0,全职业,性别不限,Level
1293,经验卷轴[1d],特殊消耗品,普通,0,全职业,性别不限,Level
1294,经验卷轴[3d],特殊消耗品,普通,0,全职业,性别不限,Level
1295,经验卷轴[5d],特殊消耗品,普通,0,全职业,性别不限,Level
1296,行会技卷轴(名声),卷轴,普通,0,全职业,性别不限,Level
1297,行会技卷轴(魔力),卷轴,普通,0,全职业,性别不限,Level
1298,行会技卷轴(生命),卷轴,普通,0,全职业,性别不限,Level
1299,行会技卷轴(天运),卷轴,普通,0,全职业,性别不限,Level
1300,行会技卷轴(矿工),卷轴,普通,0,全职业,性别不限,Level
1301,行会技卷轴(钓鱼),卷轴,普通,0,全职业,性别不限,Level
1302,行会技卷轴(悟性),卷轴,普通,0,全职业,性别不限,Level
1303,行会技卷轴(老练),卷轴,普通,0,全职业,性别不限,Level
1304,行会技卷轴(修炼),卷轴,普通,0,全职业,性别不限,Level
1305,行会技卷轴(工艺),卷轴,普通,0,全职业,性别不限,Level
1306,行会技卷轴(忍耐),卷轴,普通,0,全职业,性别不限,Level
1307,行会技卷轴(再生),卷轴,普通,0,全职业,性别不限,Level
1308,行会技卷轴(恢复),卷轴,普通,0,全职业,性别不限,Level
1309,行会技卷轴(勇猛),卷轴,普通,0,全职业,性别不限,Level
1310,行会技卷轴(冥想),卷轴,普通,0,全职业,性别不限,Level
1311,行会技卷轴(仁德),卷轴,普通,0,全职业,性别不限,Level
1312,信用金卷轴,卷轴,普通,0,全职业,性别不限,Level
1313,石1870头,杂物,普通,0,全职业,性别不限,Level
1314,石1871头,杂物,普通,0,全职业,性别不限,Level
1315,石1872头,杂物,普通,0,全职业,性别不限,Level
1316,普修锤,宝玉神珠,普通,0,全职业,性别不限,Level
1317,普修针线,宝玉神珠,普通,0,全职业,性别不限,Level
1318,Knowledge火把(小),照明物,None,0,全职业,性别不限,Level
1319,Knowledge火把(M),照明物,None,0,全职业,性别不限,Level
1320,Knowledge火把(大),照明物,None,0,全职业,性别不限,Level
1321,黄色火把(小),照明物,None,0,全职业,性别不限,Level
1322,黄色火把(M),照明物,None,0,全职业,性别不限,Level
1323,黄色火把(大),照明物,None,0,全职业,性别不限,Level
1324,绿色火把(小),照明物,None,0,全职业,性别不限,Level
1325,绿色火把(M),照明物,None,0,全职业,性别不限,Level
1326,绿色火把(大),照明物,None,0,全职业,性别不限,Level
1327,持久火把(小),照明物,None,0,全职业,性别不限,Level
1328,持久火把(中),照明物,None,0,全职业,性别不限,Level
1329,持久火把(大),照明物,None,0,全职业,性别不限,Level
1330,熏香炉子,照明物,None,0,全职业,性别不限,Level
1331,精品灯笼,照明物,None,0,全职业,性别不限,Level
1332,灯笼,照明物,None,1,全职业,性别不限,Level
1333,圣水服装,特殊消耗品,None,0,全职业,性别不限,Level
1334,药1981水,杂物,普通,0,全职业,性别不限,Level
1335,药1982水,杂物,普通,0,全职业,性别不限,Level
1336,深蓝六角盒,特殊消耗品,宝物,0,全职业,性别不限,Level
1337,赤色六角盒,特殊消耗品,宝物,0,全职业,性别不限,Level
1338,深绿六角盒,特殊消耗品,宝物,0,全职业,性别不限,Level
1339,BoxofHolyWater1,特殊消耗品,None,0,全职业,性别不限,Level
1340,未知礼盒2,特殊消耗品,None,0,全职业,性别不限,Level
1341,敏捷药水,药水,普通,0,全职业,性别不限,Level
1342,准确药水,药水,普通,0,全职业,性别不限,Level
1343,木箱礼盒1,特殊消耗品,None,0,全职业,性别不限,Level
1344,红瓶炭泉水[3d],药水,宝物,0,全职业,性别不限,Level
1345,红瓶炭泉水[7d],药水,宝物,0,全职业,性别不限,Level
1346,蓝瓶清泉水[3d],药水,宝物,0,全职业,性别不限,Level
1347,蓝瓶清泉水[7d],药水,宝物,0,全职业,性别不限,Level
1348,绿瓶琼脂水[3d],药水,宝物,0,全职业,性别不限,Level
1349,绿瓶琼脂水[7d],药水,宝物,0,全职业,性别不限,Level
1350,棕瓶潭泉水[3d],药水,宝物,0,全职业,性别不限,Level
1351,棕瓶潭泉水[7d],药水,宝物,0,全职业,性别不限,Level
1352,武器晶水(珠子),特殊消耗品,普通,0,全职业,性别不限,Level
1353,防具晶水(珠子),特殊消耗品,普通,0,全职业,性别不限,Level
1354,首饰晶水(珠子),特殊消耗品,普通,0,全职业,性别不限,Level
1355,武功晶水(珠子),特殊消耗品,普通,0,全职业,性别不限,Level
1356,魔力晶水(珠子),特殊消耗品,普通,0,全职业,性别不限,Level
1357,知识晶水(珠子),特殊消耗品,普通,0,全职业,性别不限,Level
1358,药2000水,杂物,普通,0,全职业,性别不限,Level
1359,龙珠2001(金),杂物,None,0,全职业,性别不限,Level
1360,药2004水,杂物,普通,0,全职业,性别不限,Level
1361,蓝玉清泉水[3d],药水,宝物,0,全职业,性别不限,Level
1362,蓝玉清泉水[7d],药水,宝物,0,全职业,性别不限,Level
1363,卷2020轴,杂物,普通,0,全职业,性别不限,Level
1364,卷2021轴,杂物,普通,0,全职业,性别不限,Level
1365,卷2022轴,杂物,普通,0,全职业,性别不限,Level
1366,黄虎,坐骑,普通,34,全职业,性别不限,Level
1367,蓝虎,坐骑,普通,0,全职业,性别不限,Level
1368,黑豹,坐骑,普通,34,全职业,性别不限,Level
1369,雪豹,坐骑,普通,34,全职业,性别不限,Level
1370,黑虎,坐骑,普通,34,全职业,性别不限,Level
1371,红虎,坐骑,普通,34,全职业,性别不限,Level
1372,白虎,坐骑,普通,34,全职业,性别不限,Level
1373,缰绳,缰绳,普通,0,全职业,性别不限,Level
1374,皮革缰绳,缰绳,宝物,0,全职业,性别不限,Level
1375,青色蝴蝶结,蝴蝶结,普通,0,全职业,性别不限,Level
1376,红色蝴蝶结,蝴蝶结,普通,0,全职业,性别不限,Level
1377,蓝色蝴蝶结,蝴蝶结,普通,0,全职业,性别不限,Level
1378,黑色蝴蝶结,蝴蝶结,普通,0,全职业,性别不限,Level
1379,铜铃铛,铃铛,普通,0,全职业,性别不限,Level
1380,银铃铛,铃铛,普通,0,全职业,性别不限,Level
1381,翡翠铃铛,铃铛,宝物,0,全职业,性别不限,Level
1382,金铃铛,铃铛,宝物,0,全职业,性别不限,Level
1383,马鞍,马鞍,None,0,全职业,性别不限,Level
1384,糯米糕,坐骑食物,普通,0,全职业,性别不限,Level
1385,理发工具Ⅰ,特殊消耗品,普通,0,全职业,性别不限,Level
1386,理发工具Ⅱ,特殊消耗品,普通,0,全职业,性别不限,Level
1387,理发工具Ⅲ,特殊消耗品,普通,0,全职业,性别不限,Level
1388,理发工具Ⅳ,特殊消耗品,普通,0,全职业,性别不限,Level
1389,理发工具Ⅴ,特殊消耗品,普通,0,全职业,性别不限,Level
1390,理发工具Ⅵ,特殊消耗品,普通,0,全职业,性别不限,Level
1391,理发工具Ⅶ,特殊消耗品,普通,0,全职业,性别不限,Level
1392,理发工具Ⅷ,特殊消耗品,普通,0,全职业,性别不限,Level
1393,理发工具Ⅸ,特殊消耗品,普通,0,全职业,性别不限,Level
1394,夏日清凉,外形物品,普通,0,全职业,性别不限,Level
1395,水手,外形物品,普通,0,全职业,性别不限,Level
1396,雾隐忍者,外形物品,普通,0,全职业,性别不限,Level
1397,伊贺女忍,外形物品,普通,0,全职业,性别不限,Level
1398,圣诞老人,外形物品,普通,0,全职业,性别不限,Level
1399,小鹿,外形物品,普通,0,全职业,性别不限,Level
1400,书生意气,外形物品,普通,0,全职业,性别不限,Level
1401,大家闺秀,外形物品,普通,0,全职业,性别不限,Level
1402,金榜题名,外形物品,普通,0,全职业,性别不限,Level
1403,红袖添香,外形物品,普通,0,全职业,性别不限,Level
1404,足球裁判,外形物品,普通,0,全职业,性别不限,Level
1405,契约天使,外形物品,普通,0,全职业,性别不限,Level
1406,逍遥女侠,外形物品,普通,0,全职业,性别不限,Level
1407,黑衣刺客,外形物品,普通,0,全职业,性别不限,Level
1408,9号球衣(黑),外形物品,普通,0,全职业,性别不限,Level
1409,14号球衣(红),外形物品,普通,0,全职业,性别不限,Level
1410,6号球衣(白),外形物品,普通,0,全职业,性别不限,Level
1411,11号球衣(白),外形物品,普通,0,全职业,性别不限,Level
1412,14号球衣(粉),外形物品,普通,0,全职业,性别不限,Level
1413,似神天使,外形物品,普通,0,全职业,性别不限,Level
1414,喜羊羊,外形物品,普通,0,全职业,性别不限,Level
1415,华丽的雨光[1d],外形物品,普通,0,全职业,性别不限,Level
1416,健身达人,外形物品,普通,0,全职业,性别不限,Level
1417,啦啦队员,外形物品,普通,0,全职业,性别不限,Level
1418,圣诞驯鹿,外形物品,普通,0,全职业,性别不限,Level
1419,速滑蓝猫,外形物品,普通,0,全职业,性别不限,Level
1420,溜冰小熊,外形物品,普通,0,全职业,性别不限,Level
1421,9号球衣(粉),外形物品,普通,0,全职业,性别不限,Level
1422,10号球衣(白),外形物品,普通,0,全职业,性别不限,Level
1423,2号球衣(黄),外形物品,普通,0,全职业,性别不限,Level
1424,16号球衣(青),外形物品,普通,0,全职业,性别不限,Level
1425,樵夫,外形物品,普通,0,全职业,性别不限,Level
1426,五彩仙衣,外形物品,普通,0,全职业,性别不限,Level
1427,发型套装盒,特殊消耗品,普通,0,全职业,性别不限,Level
1428,喇2083叭,杂物,普通,0,全职业,性别不限,Level
1429,大喇2083叭,杂物,普通,0,全职业,性别不限,Level
1430,灵物的背包(小),灵物,普通,0,全职业,性别不限,Level
1431,灵物的背包(特),灵物,普通,0,全职业,性别不限,Level
1432,灵物的背包(中),灵物,普通,0,全职业,性别不限,Level
1433,灵物的背包(大),灵物,普通,0,全职业,性别不限,Level
1434,箱2089子,杂物,普通,0,全职业,性别不限,Level
1435,卷2090轴,杂物,普通,0,全职业,性别不限,Level
1436,新2091(箱),杂物,普通,0,全职业,性别不限,Level
1437,新2092(箱),杂物,普通,0,全职业,性别不限,Level
1438,巨镰蜘蛛,外形物品,普通,0,全职业,性别不限,Level
1439,冰狱恶魔,外形物品,普通,0,全职业,性别不限,Level
1440,冰狱刀斧手,外形物品,普通,0,全职业,性别不限,Level
1441,太阴蛛王,外形物品,普通,0,全职业,性别不限,Level
1442,鬼面神刀,外形物品,普通,0,全职业,性别不限,Level
1443,鬼面法师,外形物品,普通,0,全职业,性别不限,Level
1444,丛林女王,外形物品,普通,0,全职业,性别不限,Level
1445,潜行者,外形物品,普通,0,全职业,性别不限,Level
1446,龙之猎人,外形物品,普通,0,全职业,性别不限,Level
1447,猎人首领,外形物品,普通,0,全职业,性别不限,Level
1448,神龙将军,外形物品,普通,0,全职业,性别不限,Level
1449,神龙护卫,外形物品,普通,0,全职业,性别不限,Level
1450,神凤将军,外形物品,普通,0,全职业,性别不限,Level
1451,英雄封印,封印,英雄,22,全职业,性别不限,Level
1452,充满力量的盒子,特殊消耗品,普通,0,全职业,性别不限,Level
1453,箱2096子,杂物,普通,0,全职业,性别不限,Level
1454,箱子2105(金),杂物,None,0,全职业,性别不限,Level
1455,天狼面甲,面甲,宝物,22,全职业,性别不限,Level
1456,白色面甲,面甲,普通,22,全职业,性别不限,Level
1457,黑色面甲,面甲,普通,22,全职业,性别不限,Level
1458,白银面甲,面甲,普通,22,全职业,性别不限,Level
1459,泰坦面甲,面甲,圣物,22,全职业,性别不限,Level
1460,丛林狼,坐骑,普通,60,全职业,性别不限,Level
1461,山川狼,坐骑,普通,60,全职业,性别不限,Level
1462,峰谷狼,坐骑,普通,60,全职业,性别不限,Level
1463,飞天狼,坐骑,普通,60,全职业,性别不限,Level
1464,雪原狼,坐骑,普通,60,全职业,性别不限,Level
1465,比奇令牌(1),任务物品,普通,0,全职业,性别不限,Level
1466,比奇令牌(2),任务物品,普通,0,全职业,性别不限,Level
1467,比奇令牌(3),任务物品,普通,0,全职业,性别不限,Level
1468,2121Orb,杂物,None,0,全职业,性别不限,Level
1469,2122Orb,杂物,None,0,全职业,性别不限,Level
1470,2123Orb,杂物,None,0,全职业,性别不限,Level
1471,金牌秘方,任务物品,普通,0,全职业,性别不限,Level
1472,秘方,任务物品,普通,0,全职业,性别不限,Level
1473,蓝色心脏,任务物品,普通,0,全职业,性别不限,Level
1474,零盘牌1,任务物品,普通,0,全职业,性别不限,Level
1475,零盘牌2,任务物品,普通,0,全职业,性别不限,Level
1476,零盘牌3,任务物品,普通,0,全职业,性别不限,Level
1477,零盘牌4,任务物品,普通,0,全职业,性别不限,Level
1478,零盘牌5,任务物品,普通,0,全职业,性别不限,Level
1479,零盘包1,任务物品,普通,0,全职业,性别不限,Level
1480,零盘包2,任务物品,普通,0,全职业,性别不限,Level
1481,零盘包3,任务物品,普通,0,全职业,性别不限,Level
1482,零盘包4,任务物品,普通,0,全职业,性别不限,Level
1483,零盘包5,任务物品,普通,0,全职业,性别不限,Level
1484,阴阳皈依书,特殊消耗品,普通,0,全职业,性别不限,Level
1485,未知宝箱,特殊消耗品,普通,0,全职业,性别不限,Level
1486,维度包3,任务物品,普通,0,全职业,性别不限,Level
1487,维度包4,任务物品,普通,0,全职业,性别不限,Level
1488,名称更改卷轴,特殊消耗品,普通,0,全职业,性别不限,Level
1489,箱子2230(金),杂物,None,0,全职业,性别不限,Level
1490,箱子2231(金),杂物,None,0,全职业,性别不限,Level
1491,箱子2232(金),杂物,None,0,全职业,性别不限,Level
1492,箱子2233(金),杂物,None,0,全职业,性别不限,Level
1493,箱子2234(金),杂物,None,0,全职业,性别不限,Level
1494,修罗头盔,头盔,宝物,40,全职业,性别不限,Level
1495,血龙头盔,头盔,宝物,45,全职业,性别不限,Level
1496,锋锐军刀,武器,普通,15,刺客,性别不限,Level
1497,音速刀,武器,普通,15,刺客,性别不限,Level
1498,墨铁刀,武器,普通,20,刺客,性别不限,Level
1499,双极刀,武器,普通,26,刺客,性别不限,Level
1500,祖玛暗黑刀,武器,普通,29,刺客,性别不限,Level
1501,暗黑刀,武器,宝物,30,刺客,性别不限,Level
1502,暗黑刀1,武器,宝物,30,刺客,性别不限,Level
1503,暗黑刀2,武器,宝物,30,刺客,性别不限,Level
1504,暗之修罗刀,武器,宝物,34,刺客,性别不限,Level
1505,修罗刀,武器,宝物,40,刺客,性别不限,Level
1506,修罗刀1,武器,宝物,40,刺客,性别不限,Level
1507,修罗刀2,武器,宝物,40,刺客,性别不限,Level
1508,冷月刀,武器,宝物,36,刺客,性别不限,Level
1509,冷月刀1,武器,宝物,36,刺客,性别不限,Level
1510,冷月刀2,武器,宝物,36,刺客,性别不限,Level
1511,暗真魔刀,武器,神物,43,刺客,性别不限,Level
1512,暗真魔刀1,武器,神物,43,刺客,性别不限,Level
1513,暗真魔刀2,武器,神物,43,刺客,性别不限,Level
1514,片血刀,武器,圣物,45,刺客,性别不限,Level
1515,片血刀1,武器,圣物,45,刺客,性别不限,Level
1516,片血刀2,武器,圣物,45,刺客,性别不限,Level
1517,黑乌刀,武器,圣物,50,刺客,性别不限,Level
1518,黑乌刀1,武器,圣物,50,刺客,性别不限,Level
1519,黑乌刀2,武器,圣物,50,刺客,性别不限,Level
1520,虎牙刀,武器,普通,1,刺客,性别不限,Level
1521,虎牙刀1,武器,普通,1,刺客,性别不限,Level
1522,猛虎刀,武器,普通,1,刺客,性别不限,Level
1523,暴虎刀,武器,普通,5,刺客,性别不限,Level
1524,残影魔衣(男),盔甲,普通,22,刺客,男性,Level
1525,炎红衣(男),盔甲,None,33,刺客,男性,Level
1526,修罗血衣(男),盔甲,宝物,40,刺客,男性,Level
1527,黑之魔甲(男),盔甲,宝物,42,刺客,男性,Level
1528,黑乌飞甲(男),盔甲,宝物,46,刺客,男性,Level
1529,甲2275(男),盔甲,宝物,46,刺客,男性,Level
1530,血龙甲胄(男)00,盔甲,宝物,50,全职业,男性,Level
1531,血龙甲胄(男)01,盔甲,宝物,50,战士,男性,Level
1532,血龙甲胄(男)02,盔甲,宝物,50,法师,男性,Level
1533,血龙甲胄(男)03,盔甲,宝物,50,道士,男性,Level
1534,血龙甲胄(男)04,盔甲,宝物,50,刺客,男性,Level
1535,血龙甲胄(男)05,盔甲,宝物,50,弓箭,男性,Level
1536,碧血血龙甲胄(男),盔甲,宝物,60,战士,男性,Level
1537,虹玄血龙甲胄(男),盔甲,宝物,60,法师,男性,Level
1538,翊仙血龙甲胄(男),盔甲,宝物,60,道士,男性,Level
1539,飞燕血龙甲胄(男),盔甲,宝物,60,刺客,男性,Level
1540,黑龙战甲(男)00,盔甲,圣物,35,战士,男性,Level
1541,黑龙战甲(男)01,盔甲,圣物,35,战士,男性,Level
1542,黑龙战甲(男)02,盔甲,圣物,35,战士,男性,Level
1543,黑龙战甲(男)03,盔甲,圣物,35,战士,男性,Level
1544,黑龙战甲(男)04,盔甲,圣物,35,战士,男性,Level
1545,黑龙战甲(男)10,盔甲,圣物,35,战士,男性,Level
1546,黑龙战甲(男)11,盔甲,圣物,35,战士,男性,Level
1547,黑龙战甲(男)12,盔甲,圣物,35,战士,男性,Level
1548,黑龙战甲(男)13,盔甲,圣物,35,战士,男性,Level
1549,黑龙战甲(男)14,盔甲,圣物,35,战士,男性,Level
1550,黑龙战甲(男)20,盔甲,圣物,35,战士,男性,Level
1551,黑龙战甲(男)21,盔甲,圣物,35,战士,男性,Level
1552,黑龙战甲(男)22,盔甲,圣物,35,战士,男性,Level
1553,黑龙战甲(男)23,盔甲,圣物,35,战士,男性,Level
1554,黑龙战甲(男)24,盔甲,圣物,35,战士,男性,Level
1555,黑龙战甲(男)30,盔甲,圣物,35,战士,男性,Level
1556,黑龙战甲(男)31,盔甲,圣物,35,战士,男性,Level
1557,黑龙战甲(男)32,盔甲,圣物,35,战士,男性,Level
1558,黑龙战甲(男)33,盔甲,圣物,35,战士,男性,Level
1559,黑龙战甲(男)34,盔甲,圣物,35,战士,男性,Level
1560,黑龙战甲(男)40,盔甲,圣物,35,战士,男性,Level
1561,黑龙战甲(男)41,盔甲,圣物,35,战士,男性,Level
1562,黑龙战甲(男)42,盔甲,圣物,35,战士,男性,Level
1563,黑龙战甲(男)43,盔甲,圣物,35,战士,男性,Level
1564,黑龙战甲(男)44,盔甲,圣物,35,战士,男性,Level
1565,黑龙战甲(男)50,盔甲,圣物,35,战士,男性,Level
1566,黑龙战甲(男)51,盔甲,圣物,35,战士,男性,Level
1567,黑龙战甲(男)52,盔甲,圣物,35,战士,男性,Level
1568,黑龙战甲(男)53,盔甲,圣物,35,战士,男性,Level
1569,黑龙战甲(男)54,盔甲,圣物,35,战士,男性,Level
1570,黑龙战甲(男)60,盔甲,圣物,35,战士,男性,Level
1571,黑龙战甲(男)70,盔甲,神物,35,战士,男性,Level
1572,黑龙术甲(男)00,盔甲,圣物,35,法师,男性,Level
1573,黑龙术甲(男)01,盔甲,圣物,35,法师,男性,Level
1574,黑龙术甲(男)02,盔甲,圣物,35,法师,男性,Level
1575,黑龙术甲(男)03,盔甲,圣物,35,法师,男性,Level
1576,黑龙术甲(男)04,盔甲,圣物,35,法师,男性,Level
1577,黑龙术甲(男)10,盔甲,圣物,35,法师,男性,Level
1578,黑龙术甲(男)11,盔甲,圣物,35,法师,男性,Level
1579,黑龙术甲(男)12,盔甲,圣物,35,法师,男性,Level
1580,黑龙术甲(男)13,盔甲,圣物,35,法师,男性,Level
1581,黑龙术甲(男)14,盔甲,圣物,35,法师,男性,Level
1582,黑龙术甲(男)20,盔甲,圣物,35,法师,男性,Level
1583,黑龙术甲(男)21,盔甲,圣物,35,法师,男性,Level
1584,黑龙术甲(男)22,盔甲,圣物,35,法师,男性,Level
1585,黑龙术甲(男)23,盔甲,圣物,35,法师,男性,Level
1586,黑龙术甲(男)24,盔甲,圣物,35,法师,男性,Level
1587,黑龙术甲(男)30,盔甲,圣物,35,法师,男性,Level
1588,黑龙术甲(男)31,盔甲,圣物,35,法师,男性,Level
1589,黑龙术甲(男)32,盔甲,圣物,35,法师,男性,Level
1590,黑龙术甲(男)33,盔甲,圣物,35,法师,男性,Level
1591,黑龙术甲(男)34,盔甲,圣物,35,法师,男性,Level
1592,黑龙术甲(男)40,盔甲,圣物,35,法师,男性,Level
1593,黑龙术甲(男)41,盔甲,圣物,35,法师,男性,Level
1594,黑龙术甲(男)42,盔甲,圣物,35,法师,男性,Level
1595,黑龙术甲(男)43,盔甲,圣物,35,法师,男性,Level
1596,黑龙术甲(男)44,盔甲,圣物,35,法师,男性,Level
1597,黑龙术甲(男)50,盔甲,圣物,35,法师,男性,Level
1598,黑龙术甲(男)51,盔甲,圣物,35,法师,男性,Level
1599,黑龙术甲(男)52,盔甲,圣物,35,法师,男性,Level
1600,黑龙术甲(男)53,盔甲,圣物,35,法师,男性,Level
1601,黑龙术甲(男)54,盔甲,圣物,35,法师,男性,Level
1602,黑龙术甲(男)60,盔甲,圣物,35,法师,男性,Level
1603,黑龙术甲(男)70,盔甲,神物,35,法师,男性,Level
1604,黑龙道甲(男)00,盔甲,圣物,35,道士,男性,Level
1605,黑龙道甲(男)01,盔甲,圣物,35,道士,男性,Level
1606,黑龙道甲(男)02,盔甲,圣物,35,道士,男性,Level
1607,黑龙道甲(男)03,盔甲,圣物,35,道士,男性,Level
1608,黑龙道甲(男)04,盔甲,圣物,35,道士,男性,Level
1609,黑龙道甲(男)10,盔甲,圣物,35,道士,男性,Level
1610,黑龙道甲(男)11,盔甲,圣物,35,道士,男性,Level
1611,黑龙道甲(男)12,盔甲,圣物,35,道士,男性,Level
1612,黑龙道甲(男)13,盔甲,圣物,35,道士,男性,Level
1613,黑龙道甲(男)14,盔甲,圣物,35,道士,男性,Level
1614,黑龙道甲(男)20,盔甲,圣物,35,道士,男性,Level
1615,黑龙道甲(男)21,盔甲,圣物,35,道士,男性,Level
1616,黑龙道甲(男)22,盔甲,圣物,35,道士,男性,Level
1617,黑龙道甲(男)23,盔甲,圣物,35,道士,男性,Level
1618,黑龙道甲(男)24,盔甲,圣物,35,道士,男性,Level
1619,黑龙道甲(男)30,盔甲,圣物,35,道士,男性,Level
1620,黑龙道甲(男)31,盔甲,圣物,35,道士,男性,Level
1621,黑龙道甲(男)32,盔甲,圣物,35,道士,男性,Level
1622,黑龙道甲(男)33,盔甲,圣物,35,道士,男性,Level
1623,黑龙道甲(男)34,盔甲,圣物,35,道士,男性,Level
1624,黑龙道甲(男)40,盔甲,圣物,35,道士,男性,Level
1625,黑龙道甲(男)41,盔甲,圣物,35,道士,男性,Level
1626,黑龙道甲(男)42,盔甲,圣物,35,道士,男性,Level
1627,黑龙道甲(男)43,盔甲,圣物,35,道士,男性,Level
1628,黑龙道甲(男)44,盔甲,圣物,35,道士,男性,Level
1629,黑龙道甲(男)50,盔甲,圣物,35,道士,男性,Level
1630,黑龙道甲(男)51,盔甲,圣物,35,道士,男性,Level
1631,黑龙道甲(男)52,盔甲,圣物,35,道士,男性,Level
1632,黑龙道甲(男)53,盔甲,圣物,35,道士,男性,Level
1633,黑龙道甲(男)54,盔甲,圣物,35,道士,男性,Level
1634,黑龙道甲(男)60,盔甲,圣物,35,道士,男性,Level
1635,黑龙道甲(男)70,盔甲,神物,35,道士,男性,Level
1636,黑龙刺甲(男)00,盔甲,圣物,35,刺客,男性,Level
1637,黑龙刺甲(男)01,盔甲,圣物,35,刺客,男性,Level
1638,黑龙刺甲(男)02,盔甲,圣物,35,刺客,男性,Level
1639,黑龙刺甲(男)03,盔甲,圣物,35,刺客,男性,Level
1640,黑龙刺甲(男)04,盔甲,圣物,35,刺客,男性,Level
1641,黑龙刺甲(男)10,盔甲,圣物,35,刺客,男性,Level
1642,黑龙刺甲(男)11,盔甲,圣物,35,刺客,男性,Level
1643,黑龙刺甲(男)12,盔甲,圣物,35,刺客,男性,Level
1644,黑龙刺甲(男)13,盔甲,圣物,35,刺客,男性,Level
1645,黑龙刺甲(男)14,盔甲,圣物,35,刺客,男性,Level
1646,黑龙刺甲(男)20,盔甲,圣物,35,刺客,男性,Level
1647,黑龙刺甲(男)21,盔甲,圣物,35,刺客,男性,Level
1648,黑龙刺甲(男)22,盔甲,圣物,35,刺客,男性,Level
1649,黑龙刺甲(男)23,盔甲,圣物,35,刺客,男性,Level
1650,黑龙刺甲(男)24,盔甲,圣物,35,刺客,男性,Level
1651,黑龙刺甲(男)30,盔甲,圣物,35,刺客,男性,Level
1652,黑龙刺甲(男)31,盔甲,圣物,35,刺客,男性,Level
1653,黑龙刺甲(男)32,盔甲,圣物,35,刺客,男性,Level
1654,黑龙刺甲(男)33,盔甲,圣物,35,刺客,男性,Level
1655,黑龙刺甲(男)34,盔甲,圣物,35,刺客,男性,Level
1656,黑龙刺甲(男)40,盔甲,圣物,35,刺客,男性,Level
1657,黑龙刺甲(男)41,盔甲,圣物,35,刺客,男性,Level
1658,黑龙刺甲(男)42,盔甲,圣物,35,刺客,男性,Level
1659,黑龙刺甲(男)43,盔甲,圣物,35,刺客,男性,Level
1660,黑龙刺甲(男)44,盔甲,圣物,35,刺客,男性,Level
1661,黑龙刺甲(男)50,盔甲,圣物,35,刺客,男性,Level
1662,黑龙刺甲(男)51,盔甲,圣物,35,刺客,男性,Level
1663,黑龙刺甲(男)52,盔甲,圣物,35,刺客,男性,Level
1664,黑龙刺甲(男)53,盔甲,圣物,35,刺客,男性,Level
1665,黑龙刺甲(男)54,盔甲,圣物,35,刺客,男性,Level
1666,黑龙刺甲(男)60,盔甲,圣物,35,刺客,男性,Level
1667,黑龙刺甲(男)70,盔甲,神物,35,刺客,男性,Level
1668,黑龙弓甲(男)00,盔甲,圣物,35,弓箭,男性,Level
1669,黑龙弓甲(男)01,盔甲,圣物,35,弓箭,男性,Level
1670,黑龙弓甲(男)02,盔甲,圣物,35,弓箭,男性,Level
1671,黑龙弓甲(男)03,盔甲,圣物,35,弓箭,男性,Level
1672,黑龙弓甲(男)04,盔甲,圣物,35,弓箭,男性,Level
1673,黑龙弓甲(男)10,盔甲,圣物,35,弓箭,男性,Level
1674,黑龙弓甲(男)11,盔甲,圣物,35,弓箭,男性,Level
1675,黑龙弓甲(男)12,盔甲,圣物,35,弓箭,男性,Level
1676,黑龙弓甲(男)13,盔甲,圣物,35,弓箭,男性,Level
1677,黑龙弓甲(男)14,盔甲,圣物,35,弓箭,男性,Level
1678,黑龙弓甲(男)20,盔甲,圣物,35,弓箭,男性,Level
1679,黑龙弓甲(男)21,盔甲,圣物,35,弓箭,男性,Level
1680,黑龙弓甲(男)22,盔甲,圣物,35,弓箭,男性,Level
1681,黑龙弓甲(男)23,盔甲,圣物,35,弓箭,男性,Level
1682,黑龙弓甲(男)24,盔甲,圣物,35,弓箭,男性,Level
1683,黑龙弓甲(男)30,盔甲,圣物,35,弓箭,男性,Level
1684,黑龙弓甲(男)31,盔甲,圣物,35,弓箭,男性,Level
1685,黑龙弓甲(男)32,盔甲,圣物,35,弓箭,男性,Level
1686,黑龙弓甲(男)33,盔甲,圣物,35,弓箭,男性,Level
1687,黑龙弓甲(男)34,盔甲,圣物,35,弓箭,男性,Level
1688,黑龙弓甲(男)40,盔甲,圣物,35,弓箭,男性,Level
1689,黑龙弓甲(男)41,盔甲,圣物,35,弓箭,男性,Level
1690,黑龙弓甲(男)42,盔甲,圣物,35,弓箭,男性,Level
1691,黑龙弓甲(男)43,盔甲,圣物,35,弓箭,男性,Level
1692,黑龙弓甲(男)44,盔甲,圣物,35,弓箭,男性,Level
1693,黑龙弓甲(男)50,盔甲,圣物,35,弓箭,男性,Level
1694,黑龙弓甲(男)51,盔甲,圣物,35,弓箭,男性,Level
1695,黑龙弓甲(男)52,盔甲,圣物,35,弓箭,男性,Level
1696,黑龙弓甲(男)53,盔甲,圣物,35,弓箭,男性,Level
1697,黑龙弓甲(男)54,盔甲,圣物,35,弓箭,男性,Level
1698,黑龙弓甲(男)60,盔甲,圣物,35,弓箭,男性,Level
1699,黑龙弓甲(男)70,盔甲,神物,35,弓箭,男性,Level
1700,残影魔衣(女),盔甲,普通,22,刺客,女性,Level
1701,炎红衣(女),盔甲,None,33,刺客,女性,Level
1702,修罗血衣(女),盔甲,宝物,40,刺客,女性,Level
1703,黑之魔甲(女),盔甲,宝物,42,刺客,女性,Level
1704,黑乌飞甲(女),盔甲,宝物,46,刺客,女性,Level
1705,甲2285(女),盔甲,宝物,46,全职业,女性,Level
1706,血龙甲胄(女),盔甲,宝物,50,全职业,女性,Level
1707,血龙甲胄(女)1,盔甲,宝物,50,战士,女性,Level
1708,血龙甲胄(女)2,盔甲,宝物,50,法师,女性,Level
1709,血龙甲胄(女)3,盔甲,宝物,50,道士,女性,Level
1710,血龙甲胄(女)4,盔甲,宝物,50,刺客,女性,Level
1711,血龙甲胄(女)5,盔甲,宝物,50,弓箭,女性,Level
1712,碧血血龙甲胄(女),盔甲,宝物,60,战士,女性,Level
1713,虹玄血龙甲胄(女),盔甲,宝物,60,法师,女性,Level
1714,翊仙血龙甲胄(女),盔甲,宝物,60,道士,女性,Level
1715,飞燕血龙甲胄(女),盔甲,宝物,60,刺客,女性,Level
1716,黑龙战甲(女)00,盔甲,圣物,35,战士,女性,Level
1717,黑龙战甲(女)01,盔甲,圣物,35,战士,女性,Level
1718,黑龙战甲(女)02,盔甲,圣物,35,战士,女性,Level
1719,黑龙战甲(女)03,盔甲,圣物,35,战士,女性,Level
1720,黑龙战甲(女)04,盔甲,圣物,35,战士,女性,Level
1721,黑龙战甲(女)10,盔甲,圣物,35,战士,女性,Level
1722,黑龙战甲(女)11,盔甲,圣物,35,战士,女性,Level
1723,黑龙战甲(女)12,盔甲,圣物,35,战士,女性,Level
1724,黑龙战甲(女)13,盔甲,圣物,35,战士,女性,Level
1725,黑龙战甲(女)14,盔甲,圣物,35,战士,女性,Level
1726,黑龙战甲(女)20,盔甲,圣物,35,战士,女性,Level
1727,黑龙战甲(女)21,盔甲,圣物,35,战士,女性,Level
1728,黑龙战甲(女)22,盔甲,圣物,35,战士,女性,Level
1729,黑龙战甲(女)23,盔甲,圣物,35,战士,女性,Level
1730,黑龙战甲(女)24,盔甲,圣物,35,战士,女性,Level
1731,黑龙战甲(女)30,盔甲,圣物,35,战士,女性,Level
1732,黑龙战甲(女)31,盔甲,圣物,35,战士,女性,Level
1733,黑龙战甲(女)32,盔甲,圣物,35,战士,女性,Level
1734,黑龙战甲(女)33,盔甲,圣物,35,战士,女性,Level
1735,黑龙战甲(女)34,盔甲,圣物,35,战士,女性,Level
1736,黑龙战甲(女)40,盔甲,圣物,35,战士,女性,Level
1737,黑龙战甲(女)41,盔甲,圣物,35,战士,女性,Level
1738,黑龙战甲(女)42,盔甲,圣物,35,战士,女性,Level
1739,黑龙战甲(女)43,盔甲,圣物,35,战士,女性,Level
1740,黑龙战甲(女)44,盔甲,圣物,35,战士,女性,Level
1741,黑龙战甲(女)50,盔甲,圣物,35,战士,女性,Level
1742,黑龙战甲(女)51,盔甲,圣物,35,战士,女性,Level
1743,黑龙战甲(女)52,盔甲,圣物,35,战士,女性,Level
1744,黑龙战甲(女)53,盔甲,圣物,35,战士,女性,Level
1745,黑龙战甲(女)54,盔甲,圣物,35,战士,女性,Level
1746,黑龙战甲(女)60,盔甲,圣物,35,战士,女性,Level
1747,黑龙战甲(女)70,盔甲,神物,35,战士,女性,Level
1748,黑龙术甲(女)00,盔甲,圣物,35,法师,女性,Level
1749,黑龙术甲(女)01,盔甲,圣物,35,法师,女性,Level
1750,黑龙术甲(女)02,盔甲,圣物,35,法师,女性,Level
1751,黑龙术甲(女)03,盔甲,圣物,35,法师,女性,Level
1752,黑龙术甲(女)04,盔甲,圣物,35,法师,女性,Level
1753,黑龙术甲(女)10,盔甲,圣物,35,法师,女性,Level
1754,黑龙术甲(女)11,盔甲,圣物,35,法师,女性,Level
1755,黑龙术甲(女)12,盔甲,圣物,35,法师,女性,Level
1756,黑龙术甲(女)13,盔甲,圣物,35,法师,女性,Level
1757,黑龙术甲(女)14,盔甲,圣物,35,法师,女性,Level
1758,黑龙术甲(女)20,盔甲,圣物,35,法师,女性,Level
1759,黑龙术甲(女)21,盔甲,圣物,35,法师,女性,Level
1760,黑龙术甲(女)22,盔甲,圣物,35,法师,女性,Level
1761,黑龙术甲(女)23,盔甲,圣物,35,法师,女性,Level
1762,黑龙术甲(女)24,盔甲,圣物,35,法师,女性,Level
1763,黑龙术甲(女)30,盔甲,圣物,35,法师,女性,Level
1764,黑龙术甲(女)31,盔甲,圣物,35,法师,女性,Level
1765,黑龙术甲(女)32,盔甲,圣物,35,法师,女性,Level
1766,黑龙术甲(女)33,盔甲,圣物,35,法师,女性,Level
1767,黑龙术甲(女)34,盔甲,圣物,35,法师,女性,Level
1768,黑龙术甲(女)40,盔甲,圣物,35,法师,女性,Level
1769,黑龙术甲(女)41,盔甲,圣物,35,法师,女性,Level
1770,黑龙术甲(女)42,盔甲,圣物,35,法师,女性,Level
1771,黑龙术甲(女)43,盔甲,圣物,35,法师,女性,Level
1772,黑龙术甲(女)44,盔甲,圣物,35,法师,女性,Level
1773,黑龙术甲(女)50,盔甲,圣物,35,法师,女性,Level
1774,黑龙术甲(女)51,盔甲,圣物,35,法师,女性,Level
1775,黑龙术甲(女)52,盔甲,圣物,35,法师,女性,Level
1776,黑龙术甲(女)53,盔甲,圣物,35,法师,女性,Level
1777,黑龙术甲(女)54,盔甲,圣物,35,法师,女性,Level
1778,黑龙术甲(女)60,盔甲,圣物,35,法师,女性,Level
1779,黑龙术甲(女)70,盔甲,神物,35,法师,女性,Level
1780,黑龙道甲(女)00,盔甲,圣物,35,道士,女性,Level
1781,黑龙道甲(女)01,盔甲,圣物,35,道士,女性,Level
1782,黑龙道甲(女)02,盔甲,圣物,35,道士,女性,Level
1783,黑龙道甲(女)03,盔甲,圣物,35,道士,女性,Level
1784,黑龙道甲(女)04,盔甲,圣物,35,道士,女性,Level
1785,黑龙道甲(女)10,盔甲,圣物,35,道士,女性,Level
1786,黑龙道甲(女)11,盔甲,圣物,35,道士,女性,Level
1787,黑龙道甲(女)12,盔甲,圣物,35,道士,女性,Level
1788,黑龙道甲(女)13,盔甲,圣物,35,道士,女性,Level
1789,黑龙道甲(女)14,盔甲,圣物,35,道士,女性,Level
1790,黑龙道甲(女)20,盔甲,圣物,35,道士,女性,Level
1791,黑龙道甲(女)21,盔甲,圣物,35,道士,女性,Level
1792,黑龙道甲(女)22,盔甲,圣物,35,道士,女性,Level
1793,黑龙道甲(女)23,盔甲,圣物,35,道士,女性,Level
1794,黑龙道甲(女)24,盔甲,圣物,35,道士,女性,Level
1795,黑龙道甲(女)30,盔甲,圣物,35,道士,女性,Level
1796,黑龙道甲(女)31,盔甲,圣物,35,道士,女性,Level
1797,黑龙道甲(女)32,盔甲,圣物,35,道士,女性,Level
1798,黑龙道甲(女)33,盔甲,圣物,35,道士,女性,Level
1799,黑龙道甲(女)34,盔甲,圣物,35,道士,女性,Level
1800,黑龙道甲(女)40,盔甲,圣物,35,道士,女性,Level
1801,黑龙道甲(女)41,盔甲,圣物,35,道士,女性,Level
1802,黑龙道甲(女)42,盔甲,圣物,35,道士,女性,Level
1803,黑龙道甲(女)43,盔甲,圣物,35,道士,女性,Level
1804,黑龙道甲(女)44,盔甲,圣物,35,道士,女性,Level
1805,黑龙道甲(女)50,盔甲,圣物,35,道士,女性,Level
1806,黑龙道甲(女)51,盔甲,圣物,35,道士,女性,Level
1807,黑龙道甲(女)52,盔甲,圣物,35,道士,女性,Level
1808,黑龙道甲(女)53,盔甲,圣物,35,道士,女性,Level
1809,黑龙道甲(女)54,盔甲,圣物,35,道士,女性,Level
1810,黑龙道甲(女)60,盔甲,圣物,35,道士,女性,Level
1811,黑龙道甲(女)70,盔甲,神物,35,道士,女性,Level
1812,黑龙刺甲(女)00,盔甲,圣物,35,刺客,女性,Level
1813,黑龙刺甲(女)01,盔甲,圣物,35,刺客,女性,Level
1814,黑龙刺甲(女)02,盔甲,圣物,35,刺客,女性,Level
1815,黑龙刺甲(女)03,盔甲,圣物,35,刺客,女性,Level
1816,黑龙刺甲(女)04,盔甲,圣物,35,刺客,女性,Level
1817,黑龙刺甲(女)10,盔甲,圣物,35,刺客,女性,Level
1818,黑龙刺甲(女)11,盔甲,圣物,35,刺客,女性,Level
1819,黑龙刺甲(女)12,盔甲,圣物,35,刺客,女性,Level
1820,黑龙刺甲(女)13,盔甲,圣物,35,刺客,女性,Level
1821,黑龙刺甲(女)14,盔甲,圣物,35,刺客,女性,Level
1822,黑龙刺甲(女)20,盔甲,圣物,35,刺客,女性,Level
1823,黑龙刺甲(女)21,盔甲,圣物,35,刺客,女性,Level
1824,黑龙刺甲(女)22,盔甲,圣物,35,刺客,女性,Level
1825,黑龙刺甲(女)23,盔甲,圣物,35,刺客,女性,Level
1826,黑龙刺甲(女)24,盔甲,圣物,35,刺客,女性,Level
1827,黑龙刺甲(女)30,盔甲,圣物,35,刺客,女性,Level
1828,黑龙刺甲(女)31,盔甲,圣物,35,刺客,女性,Level
1829,黑龙刺甲(女)32,盔甲,圣物,35,刺客,女性,Level
1830,黑龙刺甲(女)33,盔甲,圣物,35,刺客,女性,Level
1831,黑龙刺甲(女)34,盔甲,圣物,35,刺客,女性,Level
1832,黑龙刺甲(女)40,盔甲,圣物,35,刺客,女性,Level
1833,黑龙刺甲(女)41,盔甲,圣物,35,刺客,女性,Level
1834,黑龙刺甲(女)42,盔甲,圣物,35,刺客,女性,Level
1835,黑龙刺甲(女)43,盔甲,圣物,35,刺客,女性,Level
1836,黑龙刺甲(女)44,盔甲,圣物,35,刺客,女性,Level
1837,黑龙刺甲(女)50,盔甲,圣物,35,刺客,女性,Level
1838,黑龙刺甲(女)51,盔甲,圣物,35,刺客,女性,Level
1839,黑龙刺甲(女)52,盔甲,圣物,35,刺客,女性,Level
1840,黑龙刺甲(女)53,盔甲,圣物,35,刺客,女性,Level
1841,黑龙刺甲(女)54,盔甲,圣物,35,刺客,女性,Level
1842,黑龙刺甲(女)60,盔甲,圣物,35,刺客,女性,Level
1843,黑龙刺甲(女)70,盔甲,神物,35,刺客,女性,Level
1844,黑龙弓甲(女)00,盔甲,圣物,35,弓箭,女性,Level
1845,黑龙弓甲(女)01,盔甲,圣物,35,弓箭,女性,Level
1846,黑龙弓甲(女)02,盔甲,圣物,35,弓箭,女性,Level
1847,黑龙弓甲(女)03,盔甲,圣物,35,弓箭,女性,Level
1848,黑龙弓甲(女)04,盔甲,圣物,35,弓箭,女性,Level
1849,黑龙弓甲(女)10,盔甲,圣物,35,弓箭,女性,Level
1850,黑龙弓甲(女)11,盔甲,圣物,35,弓箭,女性,Level
1851,黑龙弓甲(女)12,盔甲,圣物,35,弓箭,女性,Level
1852,黑龙弓甲(女)13,盔甲,圣物,35,弓箭,女性,Level
1853,黑龙弓甲(女)14,盔甲,圣物,35,弓箭,女性,Level
1854,黑龙弓甲(女)20,盔甲,圣物,35,弓箭,女性,Level
1855,黑龙弓甲(女)21,盔甲,圣物,35,弓箭,女性,Level
1856,黑龙弓甲(女)22,盔甲,圣物,35,弓箭,女性,Level
1857,黑龙弓甲(女)23,盔甲,圣物,35,弓箭,女性,Level
1858,黑龙弓甲(女)24,盔甲,圣物,35,弓箭,女性,Level
1859,黑龙弓甲(女)30,盔甲,圣物,35,弓箭,女性,Level
1860,黑龙弓甲(女)31,盔甲,圣物,35,弓箭,女性,Level
1861,黑龙弓甲(女)32,盔甲,圣物,35,弓箭,女性,Level
1862,黑龙弓甲(女)33,盔甲,圣物,35,弓箭,女性,Level
1863,黑龙弓甲(女)34,盔甲,圣物,35,弓箭,女性,Level
1864,黑龙弓甲(女)40,盔甲,圣物,35,弓箭,女性,Level
1865,黑龙弓甲(女)41,盔甲,圣物,35,弓箭,女性,Level
1866,黑龙弓甲(女)42,盔甲,圣物,35,弓箭,女性,Level
1867,黑龙弓甲(女)43,盔甲,圣物,35,弓箭,女性,Level
1868,黑龙弓甲(女)44,盔甲,圣物,35,弓箭,女性,Level
1869,黑龙弓甲(女)50,盔甲,圣物,35,弓箭,女性,Level
1870,黑龙弓甲(女)51,盔甲,圣物,35,弓箭,女性,Level
1871,黑龙弓甲(女)52,盔甲,圣物,35,弓箭,女性,Level
1872,黑龙弓甲(女)53,盔甲,圣物,35,弓箭,女性,Level
1873,黑龙弓甲(女)54,盔甲,圣物,35,弓箭,女性,Level
1874,黑龙弓甲(女)60,盔甲,圣物,35,弓箭,女性,Level
1875,黑龙弓甲(女)70,盔甲,神物,35,弓箭,女性,Level
1876,钓鱼竿,武器,普通,20,全职业,性别不限,Level
1877,蓝色鱼竿,武器,普通,20,全职业,性别不限,Level
1878,红色鱼竿,武器,普通,20,全职业,性别不限,Level
1879,精致蓝鱼竿,武器,普通,20,全职业,性别不限,Level
1880,鱼钩,鱼钩,普通,22,全职业,性别不限,Level
1881,鱼漂,鱼漂,普通,22,全职业,性别不限,Level
1882,垂钓鱼饵,鱼饵,普通,1,全职业,性别不限,Level
1883,鱼饵,鱼饵,普通,1,全职业,性别不限,Level
1884,探鱼器,探鱼器,普通,22,全职业,性别不限,Level
1885,摇轮,摇轮,普通,1,全职业,性别不限,Level
1886,旧斧子,任务物品,普通,0,全职业,性别不限,Level
1887,生锈的武器,工艺材料,None,0,全职业,性别不限,Level
1888,生锈的铁刀,工艺材料,None,0,全职业,性别不限,Level
1889,生锈的盔甲,工艺材料,None,0,全职业,性别不限,Level
1890,MossyBox,工艺材料,None,0,全职业,性别不限,Level
1891,箱子11,工艺材料,None,0,全职业,性别不限,Level
1892,箱子56,工艺材料,None,0,全职业,性别不限,Level
1893,草鱼,鱼,None,0,全职业,性别不限,Level
1894,小青花鱼,鱼,None,0,全职业,性别不限,Level
1895,花鲈鱼,鱼,None,0,全职业,性别不限,Level
1896,青鲤鱼,鱼,None,0,全职业,性别不限,Level
1897,鳝鱼,鱼,None,0,全职业,性别不限,Level
1898,金枪鱼,鱼,None,0,全职业,性别不限,Level
1899,石斑鱼,鱼,None,0,全职业,性别不限,Level
1900,河鲀,鱼,None,0,全职业,性别不限,Level
1901,青花鱼,鱼,None,0,全职业,性别不限,Level
1902,虾虎鱼,鱼,None,0,全职业,性别不限,Level
1903,小虾虎鱼,鱼,None,0,全职业,性别不限,Level
1904,新2410(金),杂物,None,0,全职业,性别不限,Level
1905,新2411(金),杂物,None,0,全职业,性别不限,Level
1906,新2412(金),杂物,None,0,全职业,性别不限,Level
1907,碧血月光大刀,武器,圣物,45,战士,性别不限,Level
1908,碧血火灵神刀,武器,宝物,60,战士,性别不限,Level
1909,虹玄火莲杖,武器,圣物,60,法师,性别不限,Level
1910,虹玄圣月枪,武器,圣物,45,法师,性别不限,Level
1911,翊仙鹤羽扇,武器,圣物,60,道士,性别不限,Level
1912,翊仙石竹扇,武器,宝物,60,道士,性别不限,Level
1913,飞燕片血刀,武器,宝物,20,刺客,性别不限,Level
1914,飞燕破极刀,武器,宝物,20,刺客,性别不限,Level
1915,碧血虐杀枪,武器,圣物,60,战士,性别不限,Level
1916,碧血屠戮剑,武器,圣物,60,战士,性别不限,Level
1917,虹玄破坏杖,武器,圣物,60,法师,性别不限,Level
1918,虹玄朱雀棒,武器,圣物,60,法师,性别不限,Level
1919,翊仙孔雀扇,武器,圣物,60,道士,性别不限,Level
1920,翊仙梅花扇,武器,圣物,60,道士,性别不限,Level
1921,飞燕破裂刀,武器,宝物,20,刺客,性别不限,Level
1922,飞燕阿修罗刀,武器,宝物,20,刺客,性别不限,Level
1923,碧血玄骨黑衣(男),盔甲,宝物,45,战士,男性,Level
1924,虹玄玄血光衣(男),盔甲,宝物,45,法师,男性,Level
1925,翊仙玄木火甲(男),盔甲,宝物,45,道士,男性,Level
1926,飞燕鬼角玄甲(男),盔甲,宝物,45,刺客,男性,Level
1927,碧血仙人甲胄(男),盔甲,圣物,60,战士,男性,Level
1928,虹玄仙人甲胄(男),盔甲,圣物,60,法师,男性,Level
1929,翊仙仙人甲胄(男),盔甲,圣物,60,道士,男性,Level
1930,飞燕仙人甲胄(男),盔甲,圣物,60,刺客,男性,Level
1931,碧血玄骨黑衣(女),盔甲,宝物,45,战士,女性,Level
1932,虹玄玄血光衣(女),盔甲,宝物,45,法师,女性,Level
1933,翊仙玄木火甲(女),盔甲,宝物,45,道士,女性,Level
1934,飞燕鬼角玄甲(女),盔甲,宝物,45,刺客,女性,Level
1935,碧血仙人甲胄(女),盔甲,圣物,60,战士,女性,Level
1936,虹玄仙人甲胄(女),盔甲,圣物,60,法师,女性,Level
1937,翊仙仙人甲胄(女),盔甲,圣物,60,道士,女性,Level
1938,飞燕仙人甲胄(女),盔甲,圣物,60,刺客,女性,Level
1939,不死赤甲胄(男),盔甲,圣物,62,战士,男性,Level
1940,空寂青天衣(男),盔甲,圣物,62,法师,男性,Level
1941,深奥黑天衣(男),盔甲,圣物,62,道士,男性,Level
1942,修罗褐甲胄(男),盔甲,圣物,62,刺客,男性,Level
1943,不死赤甲胄(女),盔甲,圣物,62,战士,女性,Level
1944,空寂青天衣(女),盔甲,圣物,62,法师,女性,Level
1945,深奥黑天衣(女),盔甲,圣物,40,道士,女性,Level
1946,修罗褐甲胄(女),盔甲,圣物,62,刺客,女性,Level
1947,大秋刀鱼,鱼,None,0,全职业,性别不限,Level
1948,秋刀鱼,鱼,None,0,全职业,性别不限,Level
1949,小秋刀鱼,鱼,None,0,全职业,性别不限,Level
1950,大鲇鱼,鱼,None,0,全职业,性别不限,Level
1951,鲇鱼,鱼,None,0,全职业,性别不限,Level
1952,小鲇鱼,鱼,None,0,全职业,性别不限,Level
1953,大江鼠鱼,鱼,None,0,全职业,性别不限,Level
1954,江鼠鱼,鱼,None,0,全职业,性别不限,Level
1955,小江鼠鱼,鱼,None,0,全职业,性别不限,Level
1956,鳙鱼,鱼,None,0,全职业,性别不限,Level
1957,桃子,杂物,None,0,全职业,性别不限,Level
1958,红果,杂物,None,0,全职业,性别不限,Level
1959,芒果,杂物,None,0,全职业,性别不限,Level
1960,杏子,杂物,None,0,全职业,性别不限,Level
1961,香蕉,杂物,None,0,全职业,性别不限,Level
1962,字2510符,杂物,None,0,全职业,性别不限,Level
1963,字2511符,杂物,None,0,全职业,性别不限,Level
1964,字2512符,杂物,None,0,全职业,性别不限,Level
1965,字符13,杂物,None,0,全职业,性别不限,Level
1966,字符14,杂物,None,0,全职业,性别不限,Level
1967,字符15,杂物,None,0,全职业,性别不限,Level
1968,字符16,杂物,None,0,全职业,性别不限,Level
1969,字符17,杂物,None,0,全职业,性别不限,Level
1970,字符18,杂物,None,0,全职业,性别不限,Level
1971,字2519符,杂物,None,0,全职业,性别不限,Level
1972,字2520符,杂物,None,0,全职业,性别不限,Level
1973,字2521符,杂物,None,0,全职业,性别不限,Level
1974,字2522符,杂物,None,0,全职业,性别不限,Level
1975,字2523符,杂物,None,0,全职业,性别不限,Level
1976,豆腐条,杂物,None,0,全职业,性别不限,Level
1977,豆腐块,杂物,None,0,全职业,性别不限,Level
1978,豆腐丝,杂物,None,0,全职业,性别不限,Level
1979,甜面酱,杂物,None,0,全职业,性别不限,Level
1980,小葱,杂物,None,0,全职业,性别不限,Level
1981,木勺子,杂物,None,0,全职业,性别不限,Level
1982,铁罐子,杂物,None,0,全职业,性别不限,Level
1983,远古海螺化石,杂物,None,0,全职业,性别不限,Level
1984,公会教义10,特殊消耗品,普通,0,全职业,性别不限,Level
1985,公会教义25,特殊消耗品,普通,0,全职业,性别不限,Level
1986,公会教义40,特殊消耗品,普通,0,全职业,性别不限,Level
1987,绿色试管,杂物,None,0,全职业,性别不限,Level
1988,橙色试管,杂物,None,0,全职业,性别不限,Level
1989,紫铜罐子,杂物,None,0,全职业,性别不限,Level
1990,生铁罐子,杂物,None,0,全职业,性别不限,Level
1991,圣诞树丛,杂物,None,0,全职业,性别不限,Level
1992,冰花戒指,杂物,None,0,全职业,性别不限,Level
1993,雪花,杂物,普通,0,全职业,性别不限,Level
1994,红色圣诞包,杂物,None,0,全职业,性别不限,Level
1995,小鹿宝箱,杂物,普通,0,全职业,性别不限,Level
1996,红色宝箱,特殊消耗品,宝物,0,全职业,性别不限,Level
1997,黄铜锭,杂物,None,0,全职业,性别不限,Level
1998,圣诞树装饰球1,杂物,None,0,全职业,性别不限,Level
1999,圣诞树装饰球2,杂物,None,0,全职业,性别不限,Level
2000,圣诞树装饰球3,杂物,None,0,全职业,性别不限,Level
2001,圣诞树装饰球4,杂物,None,0,全职业,性别不限,Level
2002,圣诞树装饰球5,杂物,None,0,全职业,性别不限,Level
2003,圣诞树装饰球6,杂物,None,0,全职业,性别不限,Level
2004,圣诞树装饰球7,杂物,None,0,全职业,性别不限,Level
2005,土豆套餐,杂物,None,0,全职业,性别不限,Level
2006,彩虹的糖,杂物,None,0,全职业,性别不限,Level
2007,红软糖,杂物,None,0,全职业,性别不限,Level
2008,绿叶菜,杂物,None,0,全职业,性别不限,Level
2009,大蒜头,杂物,None,0,全职业,性别不限,Level
2010,茭白,杂物,None,0,全职业,性别不限,Level
2011,紫色紫礼盒,杂物,None,0,全职业,性别不限,Level
2012,红星蓝礼盒,杂物,None,0,全职业,性别不限,Level
2013,红星绿礼盒,杂物,None,0,全职业,性别不限,Level
2014,白萝卜,杂物,None,0,全职业,性别不限,Level
2015,胡萝卜,杂物,None,0,全职业,性别不限,Level
2016,盐巴,杂物,None,0,全职业,性别不限,Level
2017,红辣椒,杂物,None,0,全职业,性别不限,Level
2018,青辣椒,杂物,None,0,全职业,性别不限,Level
2019,朝天椒,杂物,None,0,全职业,性别不限,Level
2020,白斩肉,杂物,None,0,全职业,性别不限,Level
2021,辅助食品2,杂物,None,0,全职业,性别不限,Level
2022,辅助食品3,杂物,None,0,全职业,性别不限,Level
2023,辅助食品4,杂物,None,0,全职业,性别不限,Level
2024,干烧鱼,杂物,None,7,全职业,性别不限,Level
2025,小酥鱼,杂物,None,0,全职业,性别不限,Level
2026,清蒸鱼片,杂物,None,0,全职业,性别不限,Level
2027,消渴汤,杂物,None,7,全职业,性别不限,Level
2028,红烧青花鱼,杂物,None,0,全职业,性别不限,Level
2029,食物5(食),杂物,None,0,全职业,性别不限,Level
2030,食物6(食),杂物,None,0,全职业,性别不限,Level
2031,食物7(食),杂物,None,0,全职业,性别不限,Level
2032,食物8(食),杂物,None,0,全职业,性别不限,Level
2033,食物9(食),杂物,None,0,全职业,性别不限,Level
2034,食物10(食),杂物,None,0,全职业,性别不限,Level
2035,食物11(食),杂物,None,0,全职业,性别不限,Level
2036,食物12(食),杂物,None,0,全职业,性别不限,Level
2037,食物13(食),杂物,None,0,全职业,性别不限,Level
2038,食物14(食),杂物,None,0,全职业,性别不限,Level
2039,食物15(食),杂物,None,0,全职业,性别不限,Level
2040,食物16(食),杂物,None,0,全职业,性别不限,Level
2041,食物17(食),杂物,None,0,全职业,性别不限,Level
2042,食物18(食),杂物,None,0,全职业,性别不限,Level
2043,食物19(食),杂物,None,0,全职业,性别不限,Level
2044,蛋1(食),杂物,None,0,全职业,性别不限,Level
2045,蛋2(食),杂物,None,0,全职业,性别不限,Level
2046,蛋3(食),杂物,None,0,全职业,性别不限,Level
2047,蛋4(食),杂物,None,0,全职业,性别不限,Level
2048,成品鱼1(食),杂物,None,0,全职业,性别不限,Level
2049,成品鱼2(食),杂物,None,0,全职业,性别不限,Level
2050,成品鱼3(食),杂物,None,0,全职业,性别不限,Level
2051,百奥汤,杂物,None,7,全职业,性别不限,Level
2052,汤锅2(食),杂物,None,0,全职业,性别不限,Level
2053,罗宋汤,杂物,None,7,全职业,性别不限,Level
2054,餐刀1(工具),杂物,None,0,全职业,性别不限,Level
2055,餐刀2(工具),杂物,None,0,全职业,性别不限,Level
2056,餐刀3(工具),杂物,None,0,全职业,性别不限,Level
2057,餐刀4(工具),杂物,None,0,全职业,性别不限,Level
2058,餐刀5(工具),杂物,None,0,全职业,性别不限,Level
2059,餐刀6(工具),杂物,None,0,全职业,性别不限,Level
2060,餐刀7(工具),杂物,None,0,全职业,性别不限,Level
2061,精钢锤,灵物,None,0,全职业,性别不限,Level
2062,铜锤,灵物,None,0,全职业,性别不限,Level
2063,铁锤,灵物,None,0,全职业,性别不限,Level
2064,砂锅1(工具),杂物,None,0,全职业,性别不限,Level
2065,砂锅2(工具),杂物,None,0,全职业,性别不限,Level
2066,砂锅3(工具),杂物,None,0,全职业,性别不限,Level
2067,砂锅4(工具),杂物,None,0,全职业,性别不限,Level
2068,砂锅5(工具),杂物,None,0,全职业,性别不限,Level
2069,钵锅1(工具),杂物,None,0,全职业,性别不限,Level
2070,钵锅2(工具),杂物,None,0,全职业,性别不限,Level
2071,钵锅3(工具),杂物,None,0,全职业,性别不限,Level
2072,钵锅4(工具),杂物,None,0,全职业,性别不限,Level
2073,钵锅5(工具),杂物,None,0,全职业,性别不限,Level
2074,钵锅6(工具),杂物,None,0,全职业,性别不限,Level
2075,瓢1(工具),杂物,None,0,全职业,性别不限,Level
2076,瓢2(工具),杂物,None,0,全职业,性别不限,Level
2077,葫芦1(工具),杂物,None,0,全职业,性别不限,Level
2078,葫芦2(工具),杂物,None,0,全职业,性别不限,Level
2079,盘子1(工具),杂物,None,0,全职业,性别不限,Level
2080,盘子2(工具),杂物,None,0,全职业,性别不限,Level
2081,盘子3(工具),杂物,None,0,全职业,性别不限,Level
2082,盘子4(工具),杂物,None,0,全职业,性别不限,Level
2083,盘子5(工具),杂物,None,0,全职业,性别不限,Level
2084,盘子6(工具),杂物,None,0,全职业,性别不限,Level
2085,锅刷1(工具),杂物,None,0,全职业,性别不限,Level
2086,蒸网1(工具),杂物,None,0,全职业,性别不限,Level
2087,蒸网2(工具),杂物,None,0,全职业,性别不限,Level
2088,蒸网3(工具),杂物,None,0,全职业,性别不限,Level
2089,研磨器1(工具),杂物,None,0,全职业,性别不限,Level
2090,铁砧1(工具),杂物,None,0,全职业,性别不限,Level
2091,铁砧2(工具),杂物,None,0,全职业,性别不限,Level
2092,铁砧3(工具),杂物,None,0,全职业,性别不限,Level
2093,铁砧4(工具),杂物,None,0,全职业,性别不限,Level
2094,万能柴火,工艺材料,普通,0,全职业,性别不限,Level
2095,火炉子(工具),杂物,None,0,全职业,性别不限,Level
2096,火炉子1(工具),杂物,None,0,全职业,性别不限,Level
2097,火炭1(工具),杂物,None,0,全职业,性别不限,Level
2098,火炭2(工具),杂物,None,0,全职业,性别不限,Level
2099,万能摸具,工艺材料,普通,0,全职业,性别不限,Level
2100,摸具2(工具),杂物,None,0,全职业,性别不限,Level
2101,摸具3(工具),杂物,None,0,全职业,性别不限,Level
2102,摸具4(工具),杂物,None,0,全职业,性别不限,Level
2103,摸具5(工具),杂物,None,0,全职业,性别不限,Level
2104,汤药1(工具),杂物,None,0,全职业,性别不限,Level
2105,汤药2(工具),杂物,None,0,全职业,性别不限,Level
2106,汤药3(工具),杂物,None,0,全职业,性别不限,Level
2107,汤药4(工具),杂物,None,0,全职业,性别不限,Level
2108,汤药5(工具),杂物,None,0,全职业,性别不限,Level
2109,汤药6(工具),杂物,None,0,全职业,性别不限,Level
2110,汤药7(工具),杂物,None,0,全职业,性别不限,Level
2111,汤药8(工具),杂物,None,0,全职业,性别不限,Level
2112,配方卷轴1(工具),杂物,None,0,全职业,性别不限,Level
2113,配方卷轴2(工具),杂物,None,0,全职业,性别不限,Level
2114,配方卷轴3(工具),杂物,None,0,全职业,性别不限,Level
2115,配方卷轴4(工具),杂物,None,0,全职业,性别不限,Level
2116,配方卷轴5(工具),杂物,None,0,全职业,性别不限,Level
2117,配方卷轴6(工具),杂物,None,0,全职业,性别不限,Level
2118,配方卷轴7(工具),杂物,None,0,全职业,性别不限,Level
2119,配方卷轴8(工具),杂物,None,0,全职业,性别不限,Level
2120,配方卷轴9(工具),杂物,None,0,全职业,性别不限,Level
2121,配方卷轴10(工具),杂物,None,0,全职业,性别不限,Level
2122,配方卷轴11(工具),杂物,None,0,全职业,性别不限,Level
2123,配方卷轴12(工具),杂物,None,0,全职业,性别不限,Level
2124,金属块1(工具),杂物,None,0,全职业,性别不限,Level
2125,金属块2(工具),杂物,None,0,全职业,性别不限,Level
2126,金属块3(工具),杂物,None,0,全职业,性别不限,Level
2127,金属块4(工具),杂物,None,0,全职业,性别不限,Level
2128,金属块5(工具),杂物,None,0,全职业,性别不限,Level
2129,金属块6(工具),杂物,None,0,全职业,性别不限,Level
2130,金属块7(工具),杂物,None,0,全职业,性别不限,Level
2131,金属块8(工具),杂物,None,0,全职业,性别不限,Level
2132,金属块9(工具),杂物,None,0,全职业,性别不限,Level
2133,金属块10(工具),杂物,None,0,全职业,性别不限,Level
2134,金属块11(工具),杂物,None,0,全职业,性别不限,Level
2135,辣椒粉(工具),杂物,None,0,全职业,性别不限,Level
2136,芥末粉(工具),杂物,None,0,全职业,性别不限,Level
2137,金苹果,药水,普通,1,全职业,性别不限,Level
2138,银苹果,药水,普通,1,全职业,性别不限,Level
2139,苹果,药水,普通,1,全职业,性别不限,Level
2140,晒架(工具),杂物,None,0,全职业,性别不限,Level
2141,血龙长靴,靴子,宝物,45,全职业,性别不限,Level
2142,血龙手镯,手镯,宝物,55,全职业,性别不限,Level
2143,血龙戒指,戒指,宝物,52,全职业,性别不限,Level
2144,血龙腰带,腰带,宝物,55,全职业,性别不限,Level
2145,血龙项链,项链,宝物,55,全职业,性别不限,Level
2146,野猪皮革,任务物品,普通,0,全职业,性别不限,Level
2147,乾坤壶,任务物品,普通,0,全职业,性别不限,Level
2148,未知尾巴,任务物品,普通,0,全职业,性别不限,Level
2149,火炉,工艺材料,None,0,全职业,性别不限,Level
2150,海盐,任务物品,普通,0,全职业,性别不限,Level
2151,野猪牙,任务物品,普通,0,全职业,性别不限,Level
2152,野猪牙粉末,任务物品,普通,0,全职业,性别不限,Level
2153,野猪肉,任务物品,普通,0,全职业,性别不限,Level
2154,野猪丹,任务物品,普通,0,全职业,性别不限,Level
2155,破损的木槌,任务物品,普通,0,全职业,性别不限,Level
2156,木棍,任务物品,普通,0,全职业,性别不限,Level
2157,木条2,任务物品,普通,0,全职业,性别不限,Level
2158,未知蛋类,任务物品,普通,0,全职业,性别不限,Level
2159,未知果实,任务物品,普通,0,全职业,性别不限,Level
2160,蓝色宝石,任务物品,普通,0,全职业,性别不限,Level
2161,四叶幸运草,任务物品,普通,0,全职业,性别不限,Level
2162,三叶幸运草,任务物品,普通,0,全职业,性别不限,Level
2163,裂开的符石,矿石,普通,0,全职业,性别不限,Level
2164,破损的符石,矿石,普通,0,全职业,性别不限,Level
2165,裂开的化石,矿石,普通,0,全职业,性别不限,Level
2166,鲫鱼,鱼,None,0,全职业,性别不限,Level
2167,金鱼,鱼,None,0,全职业,性别不限,Level
2168,锦鲤,鱼,None,0,全职业,性别不限,Level
2169,三拼鱼盘,杂物,普通,20,全职业,性别不限,Level
2170,六角宝盒1,杂物,普通,20,全职业,性别不限,Level
2171,六角宝盒2,杂物,普通,20,全职业,性别不限,Level
2172,六角宝盒3,杂物,普通,20,全职业,性别不限,Level
2173,六角宝票,杂物,普通,20,全职业,性别不限,Level
2174,菱形金属块1,杂物,普通,20,全职业,性别不限,Level
2175,菱形金属块2,杂物,普通,20,全职业,性别不限,Level
2176,菱形金属块3,杂物,普通,20,全职业,性别不限,Level
2177,菱形金属块4,杂物,普通,20,全职业,性别不限,Level
2178,菱形金属块5,杂物,普通,20,全职业,性别不限,Level
2179,菱形金属块6,杂物,普通,20,全职业,性别不限,Level
2180,星形金属块1,杂物,普通,20,全职业,性别不限,Level
2181,星形金属块2,杂物,普通,20,全职业,性别不限,Level
2182,星形金属块3,杂物,普通,20,全职业,性别不限,Level
2183,星形金属块4,杂物,普通,20,全职业,性别不限,Level
2184,星形金属块5,杂物,普通,20,全职业,性别不限,Level
2185,星形金属块6,杂物,普通,20,全职业,性别不限,Level
2186,星形金属块7,杂物,普通,20,全职业,性别不限,Level
2187,星形金属块8,杂物,普通,20,全职业,性别不限,Level
2188,星形金属块9,杂物,普通,20,全职业,性别不限,Level
2189,星形金属块10,杂物,普通,20,全职业,性别不限,Level
2190,星形金属块11,杂物,普通,20,全职业,性别不限,Level
2191,星形金属块12,杂物,普通,20,全职业,性别不限,Level
2192,星形金属块13,杂物,普通,20,全职业,性别不限,Level
2193,星形金属块14,杂物,普通,20,全职业,性别不限,Level
2194,星形金属块15,杂物,普通,20,全职业,性别不限,Level
2195,星形金属块16,杂物,普通,20,全职业,性别不限,Level
2196,方形金属块1,杂物,普通,20,全职业,性别不限,Level
2197,方形金属块2,杂物,普通,20,全职业,性别不限,Level
2198,方形金属块3,杂物,普通,20,全职业,性别不限,Level
2199,方形金属块4,杂物,普通,20,全职业,性别不限,Level
2200,方形金属块5,杂物,普通,20,全职业,性别不限,Level
2201,方形金属块6,杂物,普通,20,全职业,性别不限,Level
2202,三角金属块1,杂物,普通,20,全职业,性别不限,Level
2203,三角金属块2,杂物,普通,20,全职业,性别不限,Level
2204,三角金属块3,杂物,普通,20,全职业,性别不限,Level
2205,三角金属块4,杂物,普通,20,全职业,性别不限,Level
2206,三角金属块5,杂物,普通,20,全职业,性别不限,Level
2207,三角金属块6,杂物,普通,20,全职业,性别不限,Level
2208,五角金属块1,杂物,普通,20,全职业,性别不限,Level
2209,五角金属块2,杂物,普通,20,全职业,性别不限,Level
2210,五角金属块3,杂物,普通,20,全职业,性别不限,Level
2211,五角金属块4,杂物,普通,20,全职业,性别不限,Level
2212,五角金属块5,杂物,普通,20,全职业,性别不限,Level
2213,五角金属块6,杂物,普通,20,全职业,性别不限,Level
2214,六角金属块1,杂物,普通,20,全职业,性别不限,Level
2215,六角金属块2,杂物,普通,20,全职业,性别不限,Level
2216,六角金属块3,杂物,普通,20,全职业,性别不限,Level
2217,六角金属块4,杂物,普通,20,全职业,性别不限,Level
2218,六角金属块5,杂物,普通,20,全职业,性别不限,Level
2219,六角金属块6,杂物,普通,20,全职业,性别不限,Level
2220,圆形金属块1,杂物,普通,20,全职业,性别不限,Level
2221,圆形金属块2,杂物,普通,20,全职业,性别不限,Level
2222,圆形金属块3,杂物,普通,20,全职业,性别不限,Level
2223,圆形金属块4,杂物,普通,20,全职业,性别不限,Level
2224,圆形金属块5,杂物,普通,20,全职业,性别不限,Level
2225,圆形金属块6,杂物,普通,20,全职业,性别不限,Level
2226,翡翠皇冠,杂物,普通,20,全职业,性别不限,Level
2227,小鹿工坊移动卷,杂物,普通,20,全职业,性别不限,Level
2228,M175卷2,杂物,普通,20,全职业,性别不限,Level
2229,M175卷3,杂物,普通,20,全职业,性别不限,Level
2230,M175卷4,杂物,普通,20,全职业,性别不限,Level
2231,M175卷5,杂物,普通,20,全职业,性别不限,Level
2232,M175卷6,杂物,普通,20,全职业,性别不限,Level
2233,幸运草卷,杂物,普通,20,全职业,性别不限,Level
2234,小猫,灵物,普通,1,全职业,性别不限,Level
2235,小鸡,灵物,普通,1,全职业,性别不限,Level
2236,小猪,灵物,普通,1,全职业,性别不限,Level
2237,精灵骷髅,灵物,宝物,35,全职业,性别不限,Level
2238,娱美蛋,灵物,宝物,35,全职业,性别不限,Level
2239,青蛙,灵物,宝物,35,全职业,性别不限,Level
2240,雪人,灵物,宝物,35,全职业,性别不限,Level
2241,白猪,灵物,宝物,35,全职业,性别不限,Level
2242,小黑猫,灵物,宝物,35,全职业,性别不限,Level
2243,龙蛋,灵物,宝物,35,全职业,性别不限,Level
2244,火娃,灵物,宝物,35,全职业,性别不限,Level
2245,红猴,灵物,宝物,35,全职业,性别不限,Level
2246,蓝色生物石,灵物,普通,0,全职业,性别不限,Level
2247,褐色生物石,灵物,普通,0,全职业,性别不限,Level
2248,乾坤袋,灵物,None,0,全职业,性别不限,Level
2249,仙女苔藓,灵物,普通,0,全职业,性别不限,Level
2250,淡水蛤蜊,灵物,普通,0,全职业,性别不限,Level
2251,樱桃,药水,普通,0,全职业,性别不限,Level
2252,灵物奶瓶,药水,普通,0,全职业,性别不限,Level
2253,唤醒人参,灵物,普通,0,全职业,性别不限,Level
2254,神奇药丸,灵物,普通,0,全职业,性别不限,Level
2255,小熊饼干1,灵物,普通,0,全职业,性别不限,Level
2256,小熊饼干2,灵物,普通,0,全职业,性别不限,Level
2257,小熊饼干3,灵物,普通,0,全职业,性别不限,Level
2258,小熊饼干4,灵物,普通,0,全职业,性别不限,Level
2259,马蹄饼干1,灵物,普通,0,全职业,性别不限,Level
2260,灵物的功力祝福,灵物,普通,0,全职业,性别不限,Level
2261,灵物的体力祝福,灵物,普通,0,全职业,性别不限,Level
2262,灵物的幸运祝福,灵物,普通,0,全职业,性别不限,Level
2263,灵物的无敌祝福,灵物,普通,0,全职业,性别不限,Level
2264,马蹄饼干6,灵物,普通,0,全职业,性别不限,Level
2265,马蹄饼干7,灵物,普通,0,全职业,性别不限,Level
2266,马蹄饼干8,灵物,普通,0,全职业,性别不限,Level
2267,灵物的魔力祝福,灵物,普通,0,全职业,性别不限,Level
2268,马蹄饼干0,灵物,普通,0,全职业,性别不限,Level
2269,奇异宝盒(小),灵物,普通,0,全职业,性别不限,Level
2270,奇异宝盒(中),灵物,普通,0,全职业,性别不限,Level
2271,奇异宝盒(大),灵物,普通,0,全职业,性别不限,Level
2272,灵物镜,灵物,宝物,0,全职业,性别不限,Level
2273,灵物背包,灵物,普通,0,全职业,性别不限,Level
2274,优质坚果(灵物),灵物,宝物,0,全职业,性别不限,Level
2275,灰色毒粉(大),护身符,普通,1,全职业,性别不限,Level
2276,黄色毒粉(大),护身符,普通,1,全职业,性别不限,Level
2277,护耳1,杂物,None,0,全职业,性别不限,Level
2278,护耳2,杂物,None,0,全职业,性别不限,Level
2279,护耳3,杂物,None,0,全职业,性别不限,Level
2280,护耳4,杂物,None,0,全职业,性别不限,Level
2281,新3000(金),杂物,None,0,全职业,性别不限,Level
2282,新3001(金),杂物,None,0,全职业,性别不限,Level
2283,新3002(金),杂物,None,0,全职业,性别不限,Level
2284,新3003(金),杂物,None,0,全职业,性别不限,Level
2285,新3004(金),杂物,None,0,全职业,性别不限,Level
2286,新3005(金),杂物,None,0,全职业,性别不限,Level
2287,卷轴3020(金),杂物,None,0,全职业,性别不限,Level
2288,卷轴3021(金),杂物,None,0,全职业,性别不限,Level
2289,呼叫呼,杂物,None,0,全职业,性别不限,Level
2290,呼叫叫,杂物,None,0,全职业,性别不限,Level
2291,八卦卷轴左,杂物,None,0,全职业,性别不限,Level
2292,八卦卷轴右,杂物,None,0,全职业,性别不限,Level
2293,八卦卷轴,杂物,None,0,全职业,性别不限,Level
2294,太极戒指,戒指,圣物,60,全职业,性别不限,Level
2295,粉玉角,杂物,None,0,全职业,性别不限,Level
2296,粉玉宝盒,杂物,None,0,全职业,性别不限,Level
2297,粉玉锦囊,杂物,None,0,全职业,性别不限,Level
2298,粉玉钥匙,杂物,None,0,全职业,性别不限,Level
2299,鬼火棒槌,照明物,宝物,22,全职业,性别不限,Level
2300,粉玉福囊,杂物,None,0,全职业,性别不限,Level
2301,大型货物邮票,杂物,普通,0,全职业,性别不限,Level
2302,邮票,杂物,普通,0,全职业,性别不限,Level
2303,粉玉金匙,杂物,None,0,全职业,性别不限,Level
2304,武力木牌,杂物,None,0,全职业,性别不限,Level
2305,防御木牌,杂物,None,0,全职业,性别不限,Level
2306,冰龙鳞片,杂物,普通,0,全职业,性别不限,Level
2307,武矿票,杂物,None,0,全职业,性别不限,Level
2308,集中票,杂物,None,0,全职业,性别不限,Level
2309,斗字票,杂物,None,0,全职业,性别不限,Level
2310,大面包,杂物,None,0,全职业,性别不限,Level
2311,黄姑鱼,鱼,None,0,全职业,性别不限,Level
2312,线纹鳗鲶,鱼,None,0,全职业,性别不限,Level
2313,鳗鱼,鱼,None,0,全职业,性别不限,Level
2314,短尾大眼鲷,鱼,None,0,全职业,性别不限,Level
2315,遮目鱼,鱼,None,0,全职业,性别不限,Level
2316,沙尖鱼,鱼,None,0,全职业,性别不限,Level
2317,云纹石斑鱼,鱼,None,0,全职业,性别不限,Level
2318,须鲨,鱼,None,0,全职业,性别不限,Level
2319,龙虾,鱼,None,0,全职业,性别不限,Level
2320,蓝色入场券,杂物,None,0,全职业,性别不限,Level
2321,棕色入场券,杂物,None,0,全职业,性别不限,Level
2322,黄色入场券,杂物,None,0,全职业,性别不限,Level
2323,杂货场券,杂物,None,0,全职业,性别不限,Level
2324,杂食物1(食),杂物,None,0,全职业,性别不限,Level
2325,杂食物2(食),杂物,None,0,全职业,性别不限,Level
2326,杂食物3(食),杂物,None,0,全职业,性别不限,Level
2327,杂食物4(食),杂物,None,0,全职业,性别不限,Level
2328,贝玉头盔,头盔,宝物,50,全职业,性别不限,Level
2329,黑术冠,头盔,圣物,52,全职业,性别不限,Level
2330,青宝冠,头盔,普通,50,全职业,性别不限,Level
2331,青宝冠(勇猛),头盔,圣物,60,战士,性别不限,Level
2332,青宝冠(魔性),头盔,圣物,60,法师,性别不限,Level
2333,青宝冠(仙界),头盔,圣物,60,道士,性别不限,Level
2334,青宝冠(机敏),头盔,圣物,60,刺客,性别不限,Level
2335,贝玉靴,靴子,宝物,50,全职业,性别不限,Level
2336,黑术靴,靴子,圣物,52,全职业,性别不限,Level
2337,青宝靴,靴子,普通,51,全职业,性别不限,Level
2338,青宝靴(勇猛),靴子,圣物,60,全职业,性别不限,Level
2339,青宝靴(魔性),靴子,圣物,60,全职业,性别不限,Level
2340,青宝靴(仙界),靴子,圣物,60,全职业,性别不限,Level
2341,青宝靴(机敏),靴子,圣物,60,全职业,性别不限,Level
2342,贝玉腰带,腰带,宝物,50,全职业,性别不限,Level
2343,黑术腰带,腰带,圣物,52,全职业,性别不限,Level
2344,青宝腰带,腰带,普通,49,全职业,性别不限,Level
2345,青宝腰带(勇猛),腰带,圣物,60,全职业,性别不限,Level
2346,青宝腰带(魔性),腰带,圣物,60,全职业,性别不限,Level
2347,青宝腰带(仙界),腰带,圣物,60,全职业,性别不限,Level
2348,青宝腰带(机敏),腰带,圣物,60,全职业,性别不限,Level
2349,体力滋补药(中),药水,普通,0,全职业,性别不限,Level
2350,魔力滋补药(中),药水,普通,0,全职业,性别不限,Level
2351,咒魔珠,任务物品,普通,0,全职业,性别不限,Level
2352,异常咒魔珠,任务物品,普通,0,全职业,性别不限,Level
2353,咒魔神秘石,任务物品,普通,0,全职业,性别不限,Level
2354,杂药物3153,杂物,None,0,全职业,性别不限,Level
2355,杂药物3(药),杂物,None,0,全职业,性别不限,Level
2356,破旧藏宝图,特殊消耗品,普通,0,全职业,性别不限,Level
2357,高级藏宝图,特殊消耗品,普通,0,全职业,性别不限,Level
2358,杂新的物2(杂),杂物,None,0,全职业,性别不限,Level
2359,杂新的物3(杂),杂物,None,0,全职业,性别不限,Level
2360,杂新的物4(杂),杂物,None,0,全职业,性别不限,Level
2361,杂新的物5(杂),杂物,None,0,全职业,性别不限,Level
2362,杂新的物6(杂),杂物,None,0,全职业,性别不限,Level
2363,杂新的物7(杂),杂物,None,0,全职业,性别不限,Level
2364,杂新的物8(杂),杂物,None,0,全职业,性别不限,Level
2365,杂新的物9(杂),杂物,None,0,全职业,性别不限,Level
2366,杂新的物10(杂),杂物,None,0,全职业,性别不限,Level
2367,杂新的物11(杂),杂物,None,0,全职业,性别不限,Level
2368,杂新的物12(杂),杂物,None,0,全职业,性别不限,Level
2369,攻击雕文0,觉醒物品,普通,0,全职业,性别不限,Level
2370,攻击雕文1,觉醒物品,宝物,0,全职业,性别不限,Level
2371,攻击雕文2,觉醒物品,圣物,0,全职业,性别不限,Level
2372,攻击雕文3,觉醒物品,神物,0,全职业,性别不限,Level
2373,魔法雕文0,觉醒物品,普通,0,全职业,性别不限,Level
2374,魔法雕文1,觉醒物品,宝物,0,全职业,性别不限,Level
2375,魔法雕文2,觉醒物品,圣物,0,全职业,性别不限,Level
2376,魔法雕文3,觉醒物品,神物,0,全职业,性别不限,Level
2377,道术雕文0,觉醒物品,普通,0,全职业,性别不限,Level
2378,道术雕文1,觉醒物品,宝物,0,全职业,性别不限,Level
2379,道术雕文2,觉醒物品,圣物,0,全职业,性别不限,Level
2380,道术雕文3,觉醒物品,神物,0,全职业,性别不限,Level
2381,防御雕文0,觉醒物品,普通,0,全职业,性别不限,Level
2382,防御雕文1,觉醒物品,宝物,0,全职业,性别不限,Level
2383,防御雕文2,觉醒物品,圣物,0,全职业,性别不限,Level
2384,防御雕文3,觉醒物品,神物,0,全职业,性别不限,Level
2385,魔御雕文0,觉醒物品,普通,0,全职业,性别不限,Level
2386,魔御雕文1,觉醒物品,宝物,0,全职业,性别不限,Level
2387,魔御雕文2,觉醒物品,圣物,0,全职业,性别不限,Level
2388,魔御雕文3,觉醒物品,神物,0,全职业,性别不限,Level
2389,体力雕文0,觉醒物品,普通,0,全职业,性别不限,Level
2390,体力雕文1,觉醒物品,宝物,0,全职业,性别不限,Level
2391,体力雕文2,觉醒物品,圣物,0,全职业,性别不限,Level
2392,体力雕文3,觉醒物品,神物,0,全职业,性别不限,Level
2393,觉醒之魂0,觉醒物品,普通,0,全职业,性别不限,Level
2394,觉醒之魂1,觉醒物品,宝物,0,全职业,性别不限,Level
2395,觉醒之魂2,觉醒物品,圣物,0,全职业,性别不限,Level
2396,觉醒之魂3,觉醒物品,神物,0,全职业,性别不限,Level
2397,觉醒之锤2,觉醒物品,圣物,0,全职业,性别不限,Level
2398,觉醒之石3,觉醒物品,神物,0,全职业,性别不限,Level
2399,战士体力仙丹(小),药水,普通,20,战士,性别不限,Level
2400,战士体力仙丹(中),药水,普通,40,战士,性别不限,Level
2401,战士体力仙丹(大),药水,普通,60,战士,性别不限,Level
2402,碧血战士体力仙丹(小),药水,普通,60,战士,性别不限,Level
2403,法师体力仙丹(小),药水,普通,20,法师,性别不限,Level
2404,法师体力仙丹(中),药水,普通,40,法师,性别不限,Level
2405,法师体力仙丹(大),药水,普通,60,法师,性别不限,Level
2406,虹玄法师体力仙丹(小),药水,普通,60,法师,性别不限,Level
2407,道士体力仙丹(小),药水,普通,20,道士,性别不限,Level
2408,道士体力仙丹(中),药水,普通,40,道士,性别不限,Level
2409,道士体力仙丹(大),药水,普通,60,道士,性别不限,Level
2410,翊仙道士体力仙丹 (小),药水,普通,60,道士,性别不限,Level
2411,刺客体力仙丹(小),药水,普通,20,刺客,性别不限,Level
2412,刺客体力仙丹(中),药水,普通,40,刺客,性别不限,Level
2413,刺客体力仙丹(大),药水,普通,60,刺客,性别不限,Level
2414,飞燕刺客体力仙丹 (小),药水,普通,60,刺客,性别不限,Level
2415,弓手体力仙丹(小),药水,普通,20,弓箭,性别不限,Level
2416,弓手体力仙丹(中),药水,普通,40,弓箭,性别不限,Level
2417,弓手体力仙丹(大),药水,普通,60,弓箭,性别不限,Level
2418,暗鬼弓手体力仙丹(小),药水,普通,60,弓箭,性别不限,Level
2419,炎狱血匕,武器,圣物,52,刺客,性别不限,Level
2420,天龙神型夺命刀,武器,神物,20,刺客,性别不限,Level
2421,食人花酒,杂物,None,0,全职业,性别不限,Level
2422,蜘蛛酒,杂物,None,0,全职业,性别不限,Level
2423,蜘蛛酒(小),杂物,None,0,全职业,性别不限,Level
2424,蜘蛛酒(中),杂物,None,0,全职业,性别不限,Level
2425,血酒,杂物,None,0,全职业,性别不限,Level
2426,葡萄酒,杂物,None,0,全职业,性别不限,Level
2427,葡萄酒(小),杂物,None,0,全职业,性别不限,Level
2428,葡萄酒(中),杂物,None,0,全职业,性别不限,Level
2429,梦河酒,杂物,None,0,全职业,性别不限,Level
2430,梦河酒(小),杂物,None,0,全职业,性别不限,Level
2431,梦河酒(中),杂物,None,0,全职业,性别不限,Level
2432,白酒,杂物,None,0,全职业,性别不限,Level
2433,酒,杂物,None,0,全职业,性别不限,Level
2434,酒(小),杂物,None,0,全职业,性别不限,Level
2435,酒(中),杂物,None,0,全职业,性别不限,Level
2436,月轮剑,武器,神物,45,战法道,性别不限,Level
2437,圣月枪,武器,圣物,45,法师,性别不限,Level
2438,咒魔术士的杖,任务物品,普通,0,全职业,性别不限,Level
2439,赤血剑,武器,圣物,45,道士,性别不限,Level
2440,咒魔剑士的剑,任务物品,普通,0,全职业,性别不限,Level
2441,月轮刀,武器,圣物,45,刺客,性别不限,Level
2442,玄骨黑衣(男),盔甲,圣物,45,战士,男性,Level
2443,玄血光衣(男),盔甲,圣物,45,法师,男性,Level
2444,玄木火甲(男),盔甲,圣物,45,道士,男性,Level
2445,鬼角玄甲(男),盔甲,圣物,45,刺客,男性,Level
2446,玄骨黑衣(女),盔甲,圣物,45,战士,女性,Level
2447,玄血光衣(女),盔甲,圣物,45,法师,女性,Level
2448,玄木火甲(女),盔甲,圣物,45,道士,女性,Level
2449,鬼角玄甲(女),盔甲,圣物,45,刺客,女性,Level
2450,杂物红角(种),杂物,None,0,全职业,性别不限,Level
2451,月亮碎片,杂物,普通,0,全职业,性别不限,Level
2452,葫芦种子,杂物,普通,0,全职业,性别不限,Level
2453,杂角(种)1,杂物,None,0,全职业,性别不限,Level
2454,满月0,照明物,普通,0,全职业,性别不限,Level
2455,满月1,照明物,宝物,0,全职业,性别不限,Level
2456,满月2,照明物,宝物,0,全职业,性别不限,Level
2457,满月3,照明物,宝物,0,全职业,性别不限,Level
2458,满月4,照明物,宝物,0,全职业,性别不限,Level
2459,满月5,照明物,宝物,0,全职业,性别不限,Level
2460,满月6,照明物,宝物,0,全职业,性别不限,Level
2461,满月7,照明物,宝物,0,全职业,性别不限,Level
2462,满月8,照明物,宝物,0,全职业,性别不限,Level
2463,满月9,照明物,宝物,0,全职业,性别不限,Level
2464,满月10,照明物,宝物,0,全职业,性别不限,Level
2465,掷柶游戏券,杂物,普通,0,全职业,性别不限,Level
2466,精致祝福油,药水,普通,0,全职业,性别不限,Level
2467,精致修复油,药水,普通,0,全职业,性别不限,Level
2468,精致战神油,药水,普通,0,全职业,性别不限,Level
2469,杂角(种)7,杂物,None,0,全职业,性别不限,Level
2470,杂角(种)8,杂物,None,0,全职业,性别不限,Level
2471,杂币(种)1,杂物,None,0,全职业,性别不限,Level
2472,风筝1(种)1,杂物,None,0,全职业,性别不限,Level
2473,风筝1(种)2,装饰,None,0,全职业,性别不限,Level
2474,风筝1(种)3,装饰,None,0,全职业,性别不限,Level
2475,木弓,武器,普通,1,弓箭,性别不限,Level
2476,革弓,武器,普通,3,弓箭,性别不限,Level
2477,铁弓,武器,普通,7,弓箭,性别不限,Level
2478,弩弓,武器,普通,10,弓箭,性别不限,Level
2479,杉木铁弓,武器,普通,15,弓箭,性别不限,Level
2480,天龙神型夺命弓,武器,神物,20,弓箭,性别不限,Level
2481,绝命弓,武器,普通,20,弓箭,性别不限,Level
2482,满义弓,武器,普通,26,弓箭,性别不限,Level
2483,祖玛之魂魅弓,武器,普通,29,弓箭,性别不限,Level
2484,魂魅弓,武器,宝物,30,弓箭,性别不限,Level
2485,霸王弓,武器,宝物,36,弓箭,性别不限,Level
2486,墨龙黄龙弓,武器,宝物,34,弓箭,性别不限,Level
2487,黄龙弓,武器,宝物,40,弓箭,性别不限,Level
2488,地狱魔弓,武器,神物,43,弓箭,性别不限,Level
2489,魔血弓,武器,圣物,45,弓箭,性别不限,Level
2490,大力神弓,武器,圣物,50,弓箭,性别不限,Level
2491,炎火天弓,武器,圣物,52,弓箭,性别不限,Level
2492,暗鬼至尊弓,武器,圣物,60,弓箭,性别不限,Level
2493,暗鬼独尊弓,武器,圣物,60,弓箭,性别不限,Level
2494,暗鬼天尊弓,武器,圣物,65,弓箭,性别不限,Level
2495,暗鬼魂魅弓,武器,圣物,45,弓箭,性别不限,Level
2496,暗鬼霸王弓,武器,圣物,45,弓箭,性别不限,Level
2497,暗鬼黄龙弓,武器,圣物,45,弓箭,性别不限,Level
2498,暗鬼黑魂弓,武器,圣物,45,弓箭,性别不限,Level
2499,强化暗鬼黑魂弓,武器,圣物,45,弓箭,性别不限,Level
2500,暗鬼地狱魔弓,武器,圣物,45,弓箭,性别不限,Level
2501,暗鬼魔血弓,武器,圣物,45,弓箭,性别不限,Level
2502,暗鬼大力神弓,武器,圣物,45,弓箭,性别不限,Level
2503,暗鬼炎火天弓,武器,圣物,45,弓箭,性别不限,Level
2504,暗鬼天龙神型夺命弓,武器,神物,45,弓箭,性别不限,Level
2505,黑魂弓,武器,圣物,45,弓箭,性别不限,Level
2506,绝命革衣(男),盔甲,None,22,弓箭,男性,Level
2507,魂魅神衣(男),盔甲,普通,33,弓箭,男性,Level
2508,黄龙衣(男),盔甲,宝物,40,弓箭,男性,Level
2509,轻凉魂衣(男),盔甲,宝物,40,弓箭,男性,Level
2510,玉魔甲(男),盔甲,宝物,44,弓箭,男性,Level
2511,洌泉神甲(男),盔甲,宝物,50,弓箭,男性,Level
2512,玄血护甲(男),盔甲,圣物,45,弓箭,男性,Level
2513,鸱鸮绿甲胄(男),盔甲,圣物,62,弓箭,男性,Level
2514,绝命革衣(女),盔甲,None,22,弓箭,女性,Level
2515,魂魅神衣(女),盔甲,普通,33,弓箭,女性,Level
2516,黄龙衣(女),盔甲,宝物,40,弓箭,女性,Level
2517,轻凉魂衣(女),盔甲,宝物,40,弓箭,女性,Level
2518,玉魔甲(女),盔甲,宝物,44,弓箭,女性,Level
2519,洌泉神甲(女),盔甲,宝物,50,弓箭,女性,Level
2520,玄血护甲(女),盔甲,圣物,45,弓箭,女性,Level
2521,鸱鸮绿甲胄(女),盔甲,圣物,62,弓箭,女性,Level
2522,暗鬼黄龙衣(男),盔甲,宝物,40,弓箭,男性,Level
2523,暗鬼血龙甲胄(男),盔甲,宝物,60,弓箭,男性,Level
2524,暗鬼仙人甲胄(男),盔甲,圣物,60,弓箭,男性,Level
2525,鸱鸮甲胄(男),盔甲,宝物,42,全职业,男性,Level
2526,暗鬼黄龙衣(女),盔甲,宝物,40,弓箭,女性,Level
2527,暗鬼血龙甲胄(女),盔甲,宝物,60,弓箭,女性,Level
2528,暗鬼仙人甲胄(女),盔甲,圣物,60,弓箭,女性,Level
2529,鸱鸮甲胄(女),盔甲,宝物,42,全职业,女性,Level
2530,气功石(小),护身符,普通,1,弓箭,性别不限,Level
2531,气功石(中),护身符,普通,1,弓箭,性别不限,Level
2532,气功石(大),护身符,普通,1,弓箭,性别不限,Level
2533,气功石(特),护身符,普通,1,弓箭,性别不限,Level
2534,气功石(战场),护身符,普通,1,弓箭,性别不限,Level
2535,白龙眼(勇猛),戒指,宝物,65,战士,性别不限,Level
2536,白龙眼(神风),戒指,宝物,65,弓箭,性别不限,Level
2537,白龙眼(仙界),戒指,宝物,65,道士,性别不限,Level
2538,白龙眼(魔性),戒指,宝物,65,法师,性别不限,Level
2539,白龙眼(机敏),戒指,宝物,65,刺客,性别不限,Level
2540,白龙天坠(勇猛),项链,宝物,65,战士,性别不限,Level
2541,白龙天坠(神风),项链,宝物,65,弓箭,性别不限,Level
2542,白龙天坠(仙界),项链,宝物,65,道士,性别不限,Level
2543,白龙天坠(魔性),项链,宝物,65,法师,性别不限,Level
2544,白龙天坠(机敏),项链,宝物,65,刺客,性别不限,Level
2545,白龙昇天(勇猛),手镯,宝物,65,战士,性别不限,Level
2546,白龙昇天(神风),手镯,宝物,65,弓箭,性别不限,Level
2547,白龙昇天(仙界),手镯,宝物,65,道士,性别不限,Level
2548,白龙昇天(魔性),手镯,宝物,65,法师,性别不限,Level
2549,白龙昇天(机敏),手镯,宝物,65,刺客,性别不限,Level
2550,白龙天坠(机敏)1,项链,圣物,65,刺客,性别不限,Level
2551,白龙天坠(魔性)1,项链,圣物,65,法师,性别不限,Level
2552,白龙天坠(仙界)1,项链,圣物,65,道士,性别不限,Level
2553,白龙天坠(神风)1,项链,圣物,65,弓箭,性别不限,Level
2554,白龙天坠(勇猛)1,项链,圣物,65,战士,性别不限,Level
2555,白龙昇天(机敏)1,手镯,圣物,65,刺客,性别不限,Level
2556,白龙昇天(魔性)1,手镯,圣物,65,法师,性别不限,Level
2557,白龙昇天(仙界)1,手镯,圣物,65,道士,性别不限,Level
2558,白龙昇天(神风)1,手镯,圣物,65,弓箭,性别不限,Level
2559,白龙昇天(勇猛)1,手镯,圣物,65,战士,性别不限,Level
2560,白龙眼(机敏)1,戒指,圣物,65,刺客,性别不限,Level
2561,白龙眼(魔性)1,戒指,圣物,65,法师,性别不限,Level
2562,白龙眼(仙界)1,戒指,圣物,65,道士,性别不限,Level
2563,白龙眼(神风)1,戒指,圣物,65,弓箭,性别不限,Level
2564,白龙眼(勇猛)1,戒指,圣物,65,战士,性别不限,Level
2565,雪太狼的尖牙,工艺材料,圣物,0,全职业,性别不限,Level
2566,祝融石碎片,工艺材料,宝物,0,全职业,性别不限,Level
2567,黑风手镯,手镯,宝物,49,弓箭,性别不限,Level
2568,黑风戒指,戒指,宝物,72,弓箭,性别不限,MaxDC
2569,黑风项链,项链,宝物,72,弓箭,性别不限,MaxDC
2570,黑风手镯1,手镯,宝物,49,弓箭,性别不限,Level
2571,黑风戒指1,戒指,宝物,72,弓箭,性别不限,MaxDC
2572,黑风项链1,项链,宝物,72,弓箭,性别不限,MaxDC
2573,黑风手镯2,手镯,宝物,49,弓箭,性别不限,Level
2574,黑风戒指2,戒指,宝物,72,弓箭,性别不限,MaxDC
2575,黑风项链2,项链,宝物,72,弓箭,性别不限,MaxDC
2576,强化青玉轮,手镯,宝物,32,弓箭,性别不限,Level
2577,强化青玉项链,项链,宝物,32,弓箭,性别不限,Level
2578,强化青玉腰带,腰带,宝物,30,弓箭,性别不限,Level
2579,强化青玉鞋,靴子,宝物,30,弓箭,性别不限,Level
2580,强化青玉环,戒指,宝物,32,弓箭,性别不限,Level
2581,孔雀环,戒指,普通,32,弓箭,性别不限,MaxDC
2582,碧玺项链,项链,宝物,54,弓箭,性别不限,Level
2583,天精指环,戒指,普通,42,弓箭,性别不限,Level
2584,藤蔓戒指,戒指,普通,26,弓箭,性别不限,MaxDC
2585,琅琊手套,手镯,普通,19,弓箭,性别不限,Level
2586,平衡护腕,手镯,普通,35,弓箭,性别不限,Level
2587,飞虎手镯,手镯,普通,26,弓箭,性别不限,Level
2588,象牙项链,项链,普通,24,弓箭,性别不限,Level
2589,陨铁项链,项链,普通,40,弓箭,性别不限,Level
2590,秃鹫戒指,戒指,普通,40,弓箭,性别不限,MaxDC
2591,未雨绸缪戒1,戒指,宝物,42,战士,性别不限,Level
2592,未雨绸缪戒2,戒指,宝物,42,法师,性别不限,Level
2593,未雨绸缪戒3,戒指,宝物,42,道士,性别不限,Level
2594,未雨绸缪戒4,戒指,宝物,42,刺客,性别不限,Level
2595,未雨绸缪戒5,戒指,宝物,42,弓箭,性别不限,Level
2596,心魂护腕,手镯,圣物,47,弓箭,性别不限,Level
2597,天玄手镯,手镯,宝物,52,弓箭,性别不限,Level
2598,精灵指环,戒指,普通,42,弓箭,性别不限,Level
2599,青狐项链,项链,宝物,44,弓箭,性别不限,Level
2600,青狐戒指,戒指,宝物,40,弓箭,性别不限,Level
2601,青狐套袖,手镯,宝物,42,弓箭,性别不限,Level
2602,蓝龙戒指,戒指,普通,20,弓箭,性别不限,Level
2603,青宝冠(神风),头盔,圣物,60,弓箭,性别不限,Level
2604,青宝腰带(神风),腰带,圣物,60,弓箭,性别不限,Level
2605,青宝靴(神风),靴子,圣物,60,弓箭,性别不限,Level
2606,水晶项链,项链,普通,20,弓箭,性别不限,Level
2607,青玉轮,手镯,普通,23,弓箭,性别不限,Level
2608,青玉项链,项链,普通,23,弓箭,性别不限,Level
2609,青色项链,项链,普通,35,弓箭,性别不限,MaxDC
2610,青玉腰带,腰带,普通,20,弓箭,性别不限,Level
2611,青玉鞋,靴子,普通,20,弓箭,性别不限,Level
2612,青玉环,戒指,普通,23,弓箭,性别不限,Level
2613,蓝月神瑛项链,项链,圣物,49,弓箭,性别不限,Level
2614,青血灵戒指,戒指,圣物,45,弓箭,性别不限,Level
2615,鏃未手镯,手镯,普通,33,弓箭,性别不限,Level
2616,鏃未项链,项链,普通,35,弓箭,性别不限,Level
2617,鏃未戒指,戒指,普通,33,弓箭,性别不限,Level
2618,忠义戒指,戒指,宝物,50,弓箭,性别不限,Level
2619,蚩尤戒指,戒指,圣物,55,弓箭,性别不限,Level
2620,风来戒指,戒指,普通,37,弓箭,性别不限,Level
2621,风水戒指,戒指,宝物,50,弓箭,性别不限,MaxDC
2622,落花流水链,项链,圣物,59,弓箭,性别不限,Level
2623,谋害手镯,手镯,宝物,37,弓箭,性别不限,Level
2624,黑风本轮,手镯,圣物,57,弓箭,性别不限,Level
2625,新年愿望[21d],守护石,None,20,全职业,性别不限,Level
2626,新年愿望[21d]1,守护石,None,20,全职业,性别不限,Level
2627,新年愿望[21d]2,守护石,None,20,全职业,性别不限,Level
2628,金一亿,杂物,None,0,全职业,性别不限,Level
2629,斗神项链,项链,宝物,35,全职业,性别不限,Level
2630,斗神项链01,项链,宝物,35,战士,性别不限,Level
2631,斗神项链02,项链,宝物,35,法师,性别不限,Level
2632,斗神项链03,项链,宝物,35,道士,性别不限,Level
2633,斗神项链04,项链,宝物,35,刺客,性别不限,Level
2634,斗神项链05,项链,宝物,35,弓箭,性别不限,Level
2635,斗神项链1,项链,宝物,35,全职业,性别不限,Level
2636,斗神项链11,项链,宝物,35,战士,性别不限,Level
2637,斗神项链12,项链,宝物,35,法师,性别不限,Level
2638,斗神项链13,项链,宝物,35,道士,性别不限,Level
2639,斗神项链14,项链,宝物,35,刺客,性别不限,Level
2640,斗神项链15,项链,宝物,35,弓箭,性别不限,Level
2641,斗神项链2,项链,宝物,35,全职业,性别不限,Level
2642,斗神项链21,项链,宝物,35,战士,性别不限,Level
2643,斗神项链22,项链,宝物,35,法师,性别不限,Level
2644,斗神项链23,项链,宝物,35,道士,性别不限,Level
2645,斗神项链24,项链,宝物,35,刺客,性别不限,Level
2646,斗神项链25,项链,宝物,35,弓箭,性别不限,Level
2647,斗神项链3,项链,圣物,35,全职业,性别不限,Level
2648,斗神项链31,项链,圣物,35,战士,性别不限,Level
2649,斗神项链32,项链,圣物,35,法师,性别不限,Level
2650,斗神项链33,项链,圣物,35,道士,性别不限,Level
2651,斗神项链34,项链,圣物,35,刺客,性别不限,Level
2652,斗神项链35,项链,圣物,35,弓箭,性别不限,Level
2653,斗神项链4,项链,圣物,35,全职业,性别不限,Level
2654,斗神项链41,项链,圣物,35,战士,性别不限,Level
2655,斗神项链42,项链,圣物,35,法师,性别不限,Level
2656,斗神项链43,项链,圣物,35,道士,性别不限,Level
2657,斗神项链44,项链,圣物,35,刺客,性别不限,Level
2658,斗神项链45,项链,圣物,35,弓箭,性别不限,Level
2659,斗神项链5,项链,圣物,35,全职业,性别不限,Level
2660,斗神项链51,项链,圣物,35,战士,性别不限,Level
2661,斗神项链52,项链,圣物,35,法师,性别不限,Level
2662,斗神项链53,项链,圣物,35,道士,性别不限,Level
2663,斗神项链54,项链,圣物,35,刺客,性别不限,Level
2664,斗神项链55,项链,圣物,35,弓箭,性别不限,Level
2665,斗神项链6,项链,神物,35,全职业,性别不限,Level
2666,斗神项链61,项链,神物,35,战士,性别不限,Level
2667,斗神项链62,项链,神物,35,法师,性别不限,Level
2668,斗神项链63,项链,神物,35,道士,性别不限,Level
2669,斗神项链64,项链,神物,35,刺客,性别不限,Level
2670,斗神项链65,项链,神物,35,弓箭,性别不限,Level
2671,斗神项链7,项链,神物,35,全职业,性别不限,Level
2672,斗神项链71,项链,神物,35,战士,性别不限,Level
2673,斗神项链72,项链,神物,35,法师,性别不限,Level
2674,斗神项链73,项链,神物,35,道士,性别不限,Level
2675,斗神项链74,项链,神物,35,刺客,性别不限,Level
2676,斗神项链75,项链,神物,35,弓箭,性别不限,Level
2677,斗神项链8,项链,神物,35,全职业,性别不限,Level
2678,斗神项链81,项链,神物,35,战士,性别不限,Level
2679,斗神项链82,项链,神物,35,法师,性别不限,Level
2680,斗神项链83,项链,神物,35,道士,性别不限,Level
2681,斗神项链84,项链,神物,35,刺客,性别不限,Level
2682,斗神项链85,项链,神物,35,弓箭,性别不限,Level
2683,斗神项链9,项链,神物,35,全职业,性别不限,Level
2684,斗神项链91,项链,神物,35,战士,性别不限,Level
2685,斗神项链92,项链,神物,35,法师,性别不限,Level
2686,斗神项链93,项链,神物,35,道士,性别不限,Level
2687,斗神项链94,项链,神物,35,刺客,性别不限,Level
2688,斗神项链95,项链,神物,35,弓箭,性别不限,Level
2689,新年愿火,杂物,None,0,全职业,性别不限,Level
2690,废麒麟兽1,杂物,None,0,全职业,性别不限,Level
2691,废麒麟兽2,杂物,None,0,全职业,性别不限,Level
2692,战马,坐骑,圣物,1,全职业,性别不限,Level
2693,大象坐骑,坐骑,圣物,1,全职业,性别不限,Level
2694,新杂3610(物品),杂物,None,0,全职业,性别不限,Level
2695,新杂3611(物品),杂物,None,0,全职业,性别不限,Level
2696,新杂3612(物品),杂物,None,0,全职业,性别不限,Level
2697,新杂3613(物品),杂物,None,0,全职业,性别不限,Level
2698,新杂3614(物品),杂物,None,0,全职业,性别不限,Level
2699,新杂3615(物品),杂物,None,0,全职业,性别不限,Level
2700,新杂3616(物品),杂物,None,0,全职业,性别不限,Level
2701,葫芦(小),特殊消耗品,普通,0,全职业,性别不限,Level
2702,葫芦(中),特殊消耗品,普通,0,全职业,性别不限,Level
2703,葫芦(大),特殊消耗品,普通,0,全职业,性别不限,Level
2704,新杂3623(物品),杂物,None,0,全职业,性别不限,Level
2705,新杂3624(物品),杂物,None,0,全职业,性别不限,Level
2706,新杂3625(物品),杂物,None,0,全职业,性别不限,Level
2707,新杂3626(物品),杂物,None,0,全职业,性别不限,Level
2708,基本剑术,技能书,普通,7,战士,性别不限,Level
2709,攻杀剑术,技能书,普通,15,战士,性别不限,Level
2710,刺杀剑术,技能书,普通,22,战士,性别不限,Level
2711,半月弯刀,技能书,普通,26,战士,性别不限,Level
2712,野蛮冲撞,技能书,普通,30,战士,性别不限,Level
2713,双龙斩,技能书,普通,32,战士,性别不限,Level
2714,捕绳剑,技能书,普通,32,战士,性别不限,Level
2715,烈火剑法,技能书,普通,35,战士,性别不限,Level
2716,狮子吼,技能书,普通,36,战士,性别不限,Level
2717,狂风斩,技能书,普通,38,战士,性别不限,Level
2718,空破闪,技能书,普通,38,战士,性别不限,Level
2719,护身气幕,技能书,普通,39,战士,性别不限,Level
2720,剑气爆,技能书,普通,44,战士,性别不限,Level
2721,血龙剑法,技能书,普通,45,战士,性别不限,Level
2722,天务,技能书,普通,47,战士,性别不限,Level
2723,日闪,技能书,普通,50,战士,性别不限,Level
2724,金刚不坏,技能书,普通,60,战士,性别不限,Level
2725,时空剑,技能书,普通,90,战士,性别不限,Level
2726,火球术,技能书,普通,7,法师,性别不限,Level
2727,抗拒火环,技能书,普通,12,法师,性别不限,Level
2728,诱惑之光,技能书,普通,13,法师,性别不限,Level
2729,大火球,技能书,普通,15,法师,性别不限,Level
2730,地狱火,技能书,普通,16,法师,性别不限,Level
2731,雷电术,技能书,普通,17,法师,性别不限,Level
2732,瞬息移动,技能书,普通,19,法师,性别不限,Level
2733,爆裂火焰,技能书,普通,22,法师,性别不限,Level
2734,火墙,技能书,普通,24,法师,性别不限,Level
2735,疾光电影,技能书,普通,26,法师,性别不限,Level
2736,寒冰掌,技能书,普通,28,法师,性别不限,Level
2737,地狱雷光,技能书,普通,30,法师,性别不限,Level
2738,魔法盾,技能书,普通,31,法师,性别不限,Level
2739,圣言术,技能书,普通,32,法师,性别不限,Level
2740,嗜血术,技能书,普通,33,法师,性别不限,Level
2741,冰咆哮,技能书,普通,35,法师,性别不限,Level
2742,灭天火,技能书,普通,38,法师,性别不限,Level
2743,分身术,技能书,普通,41,法师,性别不限,Level
2744,火龙气焰,技能书,普通,42,法师,性别不限,Level
2745,天霜冰环,技能书,普通,44,法师,性别不限,Level
2746,深延术,技能书,普通,47,法师,性别不限,Level
2747,天上落焰,技能书,普通,49,法师,性别不限,Level
2748,冰焰术,技能书,普通,53,法师,性别不限,Level
2749,FastMove,技能书,普通,0,法师,性别不限,Level
2750,雷仙风,技能书,普通,60,法师,性别不限,Level
2751,天上秘术,技能书,普通,50,法师,性别不限,Level
2752,火焰跳动,技能书,宝物,1,全职业,性别不限,Level
2753,火流星,技能书,宝物,1,全职业,性别不限,Level
2754,时光涌动,技能书,普通,41,法师,性别不限,Level
2755,治愈术,技能书,普通,7,道士,性别不限,Level
2756,精神力战法,技能书,普通,9,道士,性别不限,Level
2757,施毒术,技能书,普通,14,道士,性别不限,Level
2758,灵魂火符,技能书,普通,18,道士,性别不限,Level
2759,召唤骷髅,技能书,普通,19,道士,性别不限,Level
2760,隐身术,技能书,普通,20,道士,性别不限,Level
2761,集体隐身术,技能书,普通,21,道士,性别不限,Level
2762,幽灵盾,技能书,普通,22,道士,性别不限,Level
2763,心灵启示,技能书,普通,23,道士,性别不限,Level
2764,神圣战甲术,技能书,普通,25,道士,性别不限,Level
2765,气功波,技能书,普通,27,道士,性别不限,Level
2766,困魔咒,技能书,普通,28,道士,性别不限,Level
2767,净化术,技能书,普通,30,道士,性别不限,Level
2768,群体治疗术,技能书,普通,31,道士,性别不限,Level
2769,迷魂术,技能书,普通,31,道士,性别不限,Level
2770,无极真气,技能书,普通,33,道士,性别不限,Level
2771,召唤神兽,技能书,普通,35,道士,性别不限,Level
2772,苏生术,技能书,普通,37,道士,性别不限,Level
2773,精魂召唤术,技能书,普通,38,道士,性别不限,Level
2774,诅咒术,技能书,普通,40,道士,性别不限,Level
2775,烦恼,技能书,普通,42,道士,性别不限,Level
2776,毒雾,技能书,普通,43,道士,性别不限,Level
2777,血龙水,技能书,普通,45,道士,性别不限,Level
2778,先天气功,技能书,普通,48,道士,性别不限,Level
2779,呐喊,技能书,普通,12,全职业,性别不限,Level
2780,阴阳五行阵,技能书,普通,60,道士,性别不限,Level
2781,绝命剑法,技能书,普通,7,刺客,性别不限,Level
2782,风剑术,技能书,普通,15,刺客,性别不限,Level
2783,体迅风,技能书,普通,20,刺客,性别不限,Level
2784,拔刀术,技能书,普通,25,刺客,性别不限,Level
2785,风身术,技能书,普通,27,刺客,性别不限,Level
2786,迁移剑,技能书,普通,30,刺客,性别不限,Level
2787,烈风击,技能书,普通,33,刺客,性别不限,Level
2788,捕缚术,技能书,普通,33,刺客,性别不限,Level
2789,猛毒剑气,技能书,普通,34,刺客,性别不限,Level
2790,月影术,技能书,普通,36,刺客,性别不限,Level
2791,吸气,技能书,普通,38,刺客,性别不限,Level
2792,轻身步,技能书,普通,40,刺客,性别不限,Level
2793,烈火身,技能书,普通,46,刺客,性别不限,Level
2794,血风击,技能书,普通,47,刺客,性别不限,Level
2795,猫舌兰,技能书,普通,50,刺客,性别不限,Level
2796,月华乱舞,技能书,普通,60,刺客,性别不限,Level
2797,月影雾,技能书,普通,60,刺客,性别不限,Level
2798,必中闪,技能书,普通,7,弓箭,性别不限,Level
2799,天日闪,技能书,普通,9,弓箭,性别不限,Level
2800,无我闪,技能书,普通,11,弓箭,性别不限,Level
2801,爆阱,技能书,普通,15,弓箭,性别不限,Level
2802,气功术,技能书,普通,19,弓箭,性别不限,Level
2803,万斤闪,技能书,普通,20,弓箭,性别不限,Level
2804,爆闪,技能书,普通,31,弓箭,性别不限,Level
2805,风弹步,技能书,普通,30,弓箭,性别不限,Level
2806,气流术,技能书,普通,23,弓箭,性别不限,Level
2807,吸血地精,技能书,普通,28,弓箭,性别不限,Level
2808,金刚术,技能书,普通,33,弓箭,性别不限,Level
2809,地柱钉,技能书,普通,35,弓箭,性别不限,Level
2810,吸血地闪,技能书,普通,26,弓箭,性别不限,Level
2811,蛇柱阱,技能书,普通,46,弓箭,性别不限,Level
2812,毒魔闪,技能书,普通,40,弓箭,性别不限,Level
2813,邪爆闪,技能书,普通,43,弓箭,性别不限,Level
2814,痹魔阱,技能书,普通,37,弓箭,性别不限,Level
2815,血龙闪,技能书,普通,48,弓箭,性别不限,Level
2816,困兽笼,技能书,普通,37,弓箭,性别不限,Level
2817,传送门,技能书,普通,0,全职业,性别不限,Level
2818,精神状态,技能书,普通,7,弓箭,性别不限,Level
2819,护身符(中),护身符,普通,0,全职业,性别不限,Level
2820,护身符(大),护身符,普通,0,全职业,性别不限,Level
2821,护身符(特),护身符,普通,0,全职业,性别不限,Level
2822,黄色毒粉(小),护身符,普通,0,全职业,性别不限,Level
2823,黄色毒粉(中),护身符,普通,0,全职业,性别不限,Level
2824,黄色毒粉(特),护身符,普通,0,全职业,性别不限,Level
2825,灰色毒粉(小),护身符,普通,0,全职业,性别不限,Level
2826,灰色毒粉(中),护身符,普通,0,全职业,性别不限,Level
2827,灰色毒粉(特),护身符,普通,0,全职业,性别不限,Level
2828,新物品(金品)1,杂物,None,0,全职业,性别不限,Level
2829,寒冰守护石,守护石,None,1,全职业,性别不限,Level
2830,新物品(金品)2,杂物,None,0,全职业,性别不限,Level
2831,新物品(金品)3,杂物,None,0,全职业,性别不限,Level
2832,新物品(金品)4,杂物,None,0,全职业,性别不限,Level
2833,新物品(金品)5,杂物,None,0,全职业,性别不限,Level
2834,新物品(金品)6,杂物,None,0,全职业,性别不限,Level
2835,新物品(金品)7,杂物,None,0,全职业,性别不限,Level
2836,新物品(金品)8,杂物,None,0,全职业,性别不限,Level
2837,破坏强化水5,药水,普通,0,全职业,性别不限,Level
2838,(英)破坏强化水1,药水,英雄,0,全职业,性别不限,Level
2839,(英)破坏强化水3,药水,英雄,0,全职业,性别不限,Level
2840,魔力强化水5,药水,普通,0,全职业,性别不限,Level
2841,(英)魔力强化水1,药水,英雄,0,全职业,性别不限,Level
2842,(英)魔力强化水3,药水,英雄,0,全职业,性别不限,Level
2843,道力强化水3,药水,普通,0,全职业,性别不限,Level
2844,(英)道力强化水1,药水,英雄,0,全职业,性别不限,Level
2845,道力强化水5,药水,普通,0,全职业,性别不限,Level
2846,(英)道力强化水3,药水,英雄,0,全职业,性别不限,Level
2847,新3703,杂物,None,0,全职业,性别不限,Level
2848,新3704,杂物,None,0,全职业,性别不限,Level
2849,新3705,杂物,None,0,全职业,性别不限,Level
2850,生命强化水1,药水,普通,0,全职业,性别不限,Level
2851,生命强化水3,药水,普通,0,全职业,性别不限,Level
2852,生命强化水5,药水,普通,0,全职业,性别不限,Level
2853,精神强化水1,药水,普通,0,全职业,性别不限,Level
2854,精神强化水3,药水,普通,0,全职业,性别不限,Level
2855,精神强化水5,药水,普通,0,全职业,性别不限,Level
2856,ElixirOf千年雪霜[1d],特殊消耗品,普通,0,全职业,性别不限,Level
2857,ElixirOfDefensive[1d],特殊消耗品,普通,0,全职业,性别不限,Level
2858,ElixirOfMight[1d],特殊消耗品,普通,0,全职业,性别不限,Level
2859,新3711(金),杂物,None,0,全职业,性别不限,Level
2860,玉清水,特殊消耗品,普通,0,全职业,性别不限,Level
2861,修炼药水1,药水,普通,0,全职业,性别不限,Level
2862,新3714(金),杂物,None,0,全职业,性别不限,Level
2863,新3715(金),杂物,None,0,全职业,性别不限,Level
2864,新3716(金),杂物,None,0,全职业,性别不限,Level
2865,新3717(金),杂物,None,0,全职业,性别不限,Level
2866,(英)体力恢复水,药水,英雄,0,全职业,性别不限,Level
2867,(英)魔力恢复水,药水,英雄,0,全职业,性别不限,Level
2868,(英)仙花水,药水,英雄,0,全职业,性别不限,Level
2869,经验加成卷1,特殊消耗品,普通,0,全职业,性别不限,Level
2870,经验加成卷3,特殊消耗品,普通,0,全职业,性别不限,Level
2871,经验加成卷5,特殊消耗品,普通,0,全职业,性别不限,Level
2872,经验加成卷120,特殊消耗品,普通,0,全职业,性别不限,Level
2873,(英)经验加成卷1,特殊消耗品,普通,0,全职业,性别不限,Level
2874,(英)经验加成卷3,特殊消耗品,普通,0,全职业,性别不限,Level
2875,免罪书札,特殊消耗品,普通,0,全职业,性别不限,Level
2876,超空行书,特殊消耗品,普通,0,全职业,性别不限,Level
2877,超空委书,特殊消耗品,普通,0,全职业,性别不限,Level
2878,新3725(金),杂物,None,0,全职业,性别不限,Level
2879,新3726(金),杂物,None,0,全职业,性别不限,Level
2880,新3727(金),杂物,None,0,全职业,性别不限,Level
2881,新3728(金),杂物,None,0,全职业,性别不限,Level
2882,新3729(金),杂物,None,0,全职业,性别不限,Level
2883,复活咒文书,卷轴,普通,0,全职业,性别不限,Level
2884,(英)复活咒文书,特殊消耗品,普通,0,全职业,性别不限,Level
2885,100%爆率卷,特殊消耗品,普通,0,全职业,性别不限,Level
2886,远古神石[3d],杂物,None,0,全职业,性别不限,Level
2887,EXP100%1,杂物,普通,0,全职业,性别不限,Level
2888,EXP100%3,杂物,普通,0,全职业,性别不限,Level
2889,EXP100%5,杂物,普通,0,全职业,性别不限,Level
2890,EXP100%24,杂物,普通,0,全职业,性别不限,Level
2891,新3735(金),杂物,None,0,全职业,性别不限,Level
2892,精修锤,宝玉神珠,宝物,0,全职业,性别不限,Level
2893,精修针线,宝玉神珠,宝物,0,全职业,性别不限,Level
2894,破坏火炬[2h],照明物,None,0,全职业,性别不限,Level
2895,破坏火炬[3h],照明物,None,0,全职业,性别不限,Level
2896,魔力火炬[2h],照明物,None,0,全职业,性别不限,Level
2897,魔力火炬[3h],照明物,None,0,全职业,性别不限,Level
2898,道力火炬[2h],照明物,None,0,全职业,性别不限,Level
2899,道力火炬[3h],照明物,None,0,全职业,性别不限,Level
2900,新3741(金),杂物,None,0,全职业,性别不限,Level
2901,新3742(金),杂物,None,0,全职业,性别不限,Level
2902,天灵水,特殊消耗品,普通,0,全职业,性别不限,Level
2903,新3744(金),杂物,None,0,全职业,性别不限,Level
2904,新3745(金),杂物,None,0,全职业,性别不限,Level
2905,新3746(金),杂物,None,0,全职业,性别不限,Level
2906,破坏圣水3,杂物,普通,0,全职业,性别不限,Level
2907,破坏圣水7,杂物,普通,0,全职业,性别不限,Level
2908,道力圣水3,杂物,普通,0,全职业,性别不限,Level
2909,道力圣水7,杂物,普通,0,全职业,性别不限,Level
2910,强化圣水3,杂物,普通,0,全职业,性别不限,Level
2911,强化圣水7,杂物,普通,0,全职业,性别不限,Level
2912,武器晶水(珠子)1,特殊消耗品,宝物,0,全职业,性别不限,Level
2913,防具晶水(珠子)1,特殊消耗品,宝物,0,全职业,性别不限,Level
2914,武功晶水(珠子)1,特殊消耗品,宝物,0,全职业,性别不限,Level
2915,新3753(金),杂物,None,0,全职业,性别不限,Level
2916,新3754(金),杂物,None,0,全职业,性别不限,Level
2917,新3755(金),杂物,None,0,全职业,性别不限,Level
2918,红老虎1,坐骑,宝物,34,全职业,性别不限,Level
2919,白老虎1,坐骑,宝物,34,全职业,性别不限,Level
2920,缰绳1,缰绳,圣物,0,全职业,性别不限,Level
2921,红色蝴蝶结1,蝴蝶结,圣物,0,全职业,性别不限,Level
2922,翡翠铃铛1,铃铛,圣物,0,全职业,性别不限,Level
2923,金铃铛1,铃铛,圣物,0,全职业,性别不限,Level
2924,高级糯米糕,坐骑食物,普通,0,全职业,性别不限,Level
2925,短发(英),杂物,None,0,全职业,性别不限,Level
2926,束发(英),杂物,None,0,全职业,性别不限,Level
2927,长直发(英),杂物,None,0,全职业,性别不限,Level
2928,短1发(英),杂物,None,0,全职业,性别不限,Level
2929,短2发(英),杂物,None,0,全职业,性别不限,Level
2930,短3发(英),杂物,None,0,全职业,性别不限,Level
2931,短4发(英),杂物,None,0,全职业,性别不限,Level
2932,短5发(英),杂物,None,0,全职业,性别不限,Level
2933,短6发(英),杂物,None,0,全职业,性别不限,Level
2934,短7发(英),杂物,None,0,全职业,性别不限,Level
2935,短8发(英),杂物,None,0,全职业,性别不限,Level
2936,夏日清凉1,外形物品,普通,0,全职业,性别不限,Level
2937,水手1,外形物品,普通,0,全职业,性别不限,Level
2938,雾隐忍者1,外形物品,普通,0,全职业,性别不限,Level
2939,伊贺女忍1,外形物品,普通,0,全职业,性别不限,Level
2940,圣诞老人1,外形物品,普通,0,全职业,性别不限,Level
2941,小鹿1,外形物品,普通,0,全职业,性别不限,Level
2942,书生意气1,外形物品,普通,0,全职业,性别不限,Level
2943,大家闺秀1,外形物品,普通,0,全职业,性别不限,Level
2944,金榜题名1,外形物品,普通,0,全职业,性别不限,Level
2945,红袖添香1,外形物品,普通,0,全职业,性别不限,Level
2946,足球裁判1,外形物品,普通,0,全职业,性别不限,Level
2947,契约天使1,外形物品,普通,0,全职业,性别不限,Level
2948,逍遥女侠1,外形物品,普通,0,全职业,性别不限,Level
2949,黑衣刺客1,外形物品,普通,0,全职业,性别不限,Level
2950,9号球衣(黑)1,外形物品,普通,0,全职业,性别不限,Level
2951,14号球衣(红)1,外形物品,普通,0,全职业,性别不限,Level
2952,6号球衣(白)1,外形物品,普通,0,全职业,性别不限,Level
2953,11号球衣(白)1,外形物品,普通,0,全职业,性别不限,Level
2954,14号球衣(粉)1,外形物品,普通,0,全职业,性别不限,Level
2955,似神天使1,外形物品,普通,0,全职业,性别不限,Level
2956,喜羊羊1,外形物品,普通,0,全职业,性别不限,Level
2957,华丽的雨光[3d],外形物品,普通,0,全职业,性别不限,Level
2958,健身达人1,外形物品,普通,0,全职业,性别不限,Level
2959,啦啦队员1,外形物品,普通,0,全职业,性别不限,Level
2960,圣诞驯鹿1,外形物品,普通,0,全职业,性别不限,Level
2961,9号球衣(粉)1,外形物品,普通,0,全职业,性别不限,Level
2962,10号球衣(白)1,外形物品,普通,0,全职业,性别不限,Level
2963,2号球衣(黄)1,外形物品,普通,0,全职业,性别不限,Level
2964,16号球衣(青)1,外形物品,普通,0,全职业,性别不限,Level
2965,樵夫1,外形物品,普通,0,全职业,性别不限,Level
2966,五彩仙衣1,外形物品,普通,0,全职业,性别不限,Level
2967,溜冰小熊1,外形物品,普通,0,全职业,性别不限,Level
2968,速滑蓝猫1,外形物品,普通,0,全职业,性别不限,Level
2969,小黄牛,外形物品,普通,0,全职业,性别不限,Level
2970,小奶牛,外形物品,普通,0,全职业,性别不限,Level
2971,九天仙女,外形物品,普通,0,全职业,性别不限,Level
2972,飞天侠客,外形物品,普通,0,全职业,性别不限,Level
2973,飞天刺客,外形物品,普通,0,全职业,性别不限,Level
2974,黑袍神经兔,外形物品,普通,0,全职业,性别不限,Level
2975,神经兔,外形物品,普通,0,全职业,性别不限,Level
2976,渔具包,特殊消耗品,普通,0,全职业,性别不限,Level
2977,大喇叭(紫),卷轴,普通,0,全职业,性别不限,Level
2978,大喇叭(绿),卷轴,普通,0,全职业,性别不限,Level
2979,新3768(金),杂物,None,0,全职业,性别不限,Level
2980,新3769(金),杂物,None,0,全职业,性别不限,Level
2981,新3770(金),杂物,None,0,全职业,性别不限,Level
2982,新3771(金),杂物,None,0,全职业,性别不限,Level
2983,新3772(金),杂物,None,0,全职业,性别不限,Level
2984,巨镰蜘蛛1,外形物品,普通,0,全职业,性别不限,Level
2985,冰狱恶魔1,外形物品,普通,0,全职业,性别不限,Level
2986,冰狱刀斧手1,外形物品,普通,0,全职业,性别不限,Level
2987,太阴蛛王1,外形物品,普通,0,全职业,性别不限,Level
2988,鬼面神刀1,外形物品,普通,0,全职业,性别不限,Level
2989,鬼面法师1,外形物品,普通,0,全职业,性别不限,Level
2990,丛林女王1,外形物品,普通,0,全职业,性别不限,Level
2991,潜行者1,外形物品,普通,0,全职业,性别不限,Level
2992,龙之猎人1,外形物品,普通,0,全职业,性别不限,Level
2993,猎人首领1,外形物品,普通,0,全职业,性别不限,Level
2994,神龙护卫1,外形物品,普通,0,全职业,性别不限,Level
2995,神龙将军1,外形物品,普通,0,全职业,性别不限,Level
2996,神凤将军1,外形物品,普通,0,全职业,性别不限,Level
2997,英雄封印1,封印,英雄,22,全职业,性别不限,Level
2998,丛林狼1,坐骑,宝物,60,全职业,性别不限,Level
2999,雪原狼1,坐骑,宝物,60,全职业,性别不限,Level
3000,新3777(金),杂物,None,0,全职业,性别不限,Level
3001,远古英雄之证[1d],杂物,普通,0,全职业,性别不限,Level
3002,远古英雄之证[3d],杂物,普通,0,全职业,性别不限,Level
3003,远古英雄之证[7d],杂物,普通,0,全职业,性别不限,Level
3004,远古英雄之证[15d],杂物,普通,0,全职业,性别不限,Level
3005,神兽护卫[7d],杂物,普通,0,全职业,性别不限,Level
3006,新3780(金),杂物,None,0,全职业,性别不限,Level
3007,变性卷轴,特殊消耗品,None,0,全职业,性别不限,Level
3008,太公钓竿[6M],武器,宝物,22,全职业,性别不限,Level
3009,普通鱼漂,鱼漂,宝物,22,全职业,性别不限,Level
3010,高级鱼漂,鱼漂,宝物,22,全职业,性别不限,Level
3011,普通鱼饵,鱼饵,宝物,22,全职业,性别不限,Level
3012,高级鱼饵,鱼饵,宝物,22,全职业,性别不限,Level
3013,高级探鱼器,探鱼器,宝物,22,全职业,性别不限,Level
3014,普通摇轮,摇轮,宝物,22,全职业,性别不限,Level
3015,高级摇轮,摇轮,宝物,22,全职业,性别不限,Level
3016,新3787(金),杂物,None,0,全职业,性别不限,Level
3017,新3788(金),杂物,None,0,全职业,性别不限,Level
3018,樱桃(灵物),灵物,None,0,全职业,性别不限,Level
3019,新3790(金),杂物,None,0,全职业,性别不限,Level
3020,新3791(金),杂物,None,0,全职业,性别不限,Level
3021,坚果(灵物),灵物,普通,0,全职业,性别不限,Level
3022,灵物耳机3793,灵物,普通,0,全职业,性别不限,Level
3023,猫咪超人,灵物,宝物,35,全职业,性别不限,Level
3024,龙宝宝,灵物,宝物,35,全职业,性别不限,Level
3025,灵物石3796,灵物,英雄,0,全职业,性别不限,Level
3026,阿福,灵物,宝物,35,全职业,性别不限,Level
3027,治疗拉拉,灵物,宝物,35,全职业,性别不限,Level
3028,新3799(金),杂物,None,0,全职业,性别不限,Level
3029,新3800(金),杂物,None,0,全职业,性别不限,Level
3030,新3801(金),杂物,None,0,全职业,性别不限,Level
3031,新3802(金),杂物,None,0,全职业,性别不限,Level
3032,新3803(金),杂物,None,0,全职业,性别不限,Level
3033,新3810(金),杂物,None,0,全职业,性别不限,Level
3034,新3829(英),杂物,None,0,全职业,性别不限,Level
3035,(英)肉体强化酒1,药水,英雄,0,全职业,性别不限,Level
3036,(英)肉体强化酒3,药水,英雄,0,全职业,性别不限,Level
3037,(英)精神强化酒1,药水,英雄,0,全职业,性别不限,Level
3038,(英)精神强化酒3,药水,英雄,0,全职业,性别不限,Level
3039,新3832(英),杂物,None,0,全职业,性别不限,Level
3040,新3833(英),杂物,None,0,全职业,性别不限,Level
3041,新3834(英),杂物,None,0,全职业,性别不限,Level
3042,新3835(英),杂物,None,0,全职业,性别不限,Level
3043,(英)修炼药水,药水,英雄,0,全职业,性别不限,Level
3044,英雄背包功能解锁卷,卷轴,普通,22,全职业,性别不限,Level
3045,英雄背包扩展卷,卷轴,普通,22,全职业,性别不限,Level
3046,英雄仓库解锁卷,卷轴,普通,22,全职业,性别不限,Level
3047,破坏之火炬(英),照明物,英雄,0,全职业,性别不限,Level
3048,魔力之火炬(英),照明物,英雄,0,全职业,性别不限,Level
3049,道术之火炬(英),照明物,英雄,0,全职业,性别不限,Level
3050,神圣之火炬(英),照明物,英雄,0,全职业,性别不限,Level
3051,新3860(金),杂物,None,0,全职业,性别不限,Level
3052,新3861(金),杂物,None,0,全职业,性别不限,Level
3053,新3870(金),杂物,None,0,全职业,性别不限,Level
3054,新3871(金),杂物,None,0,全职业,性别不限,Level
3055,冰龙天刀,武器,神物,65,战士,性别不限,Level
3056,冰龙魔天,武器,神物,65,法师,性别不限,Level
3057,冰龙天剑,武器,神物,65,道士,性别不限,Level
3058,冰龙天斩,武器,神物,65,刺客,性别不限,Level
3059,冰龙天弓,武器,神物,65,弓箭,性别不限,Level
3060,冰龙天刀(超),武器,神物,65,战士,性别不限,Level
3061,冰龙魔天(超),武器,神物,65,法师,性别不限,Level
3062,冰龙天剑(超),武器,神物,65,道士,性别不限,Level
3063,冰龙天斩(超),武器,神物,65,刺客,性别不限,Level
3064,冰龙天弓(超),武器,神物,65,弓箭,性别不限,Level
3065,双变手镯,手镯,宝物,65,全职业,性别不限,Level
3066,双变手镯1,手镯,宝物,65,战士,性别不限,Level
3067,双变手镯2,手镯,宝物,65,法师,性别不限,Level
3068,双变手镯3,手镯,宝物,65,道士,性别不限,Level
3069,双变手镯4,手镯,宝物,65,刺客,性别不限,Level
3070,双变手镯5,手镯,宝物,65,弓箭,性别不限,Level
3071,双变指环,戒指,宝物,65,全职业,性别不限,Level
3072,双变指环1,戒指,宝物,65,战士,性别不限,Level
3073,双变指环2,戒指,宝物,65,法师,性别不限,Level
3074,双变指环3,戒指,宝物,65,道士,性别不限,Level
3075,双变指环4,戒指,宝物,65,刺客,性别不限,Level
3076,双变指环5,戒指,宝物,65,弓箭,性别不限,Level
3077,双变项链,项链,宝物,65,全职业,性别不限,Level
3078,双变项链1,项链,宝物,65,战士,性别不限,Level
3079,双变项链2,项链,宝物,65,法师,性别不限,Level
3080,双变项链3,项链,宝物,65,道士,性别不限,Level
3081,双变项链4,项链,宝物,65,刺客,性别不限,Level
3082,双变项链5,项链,宝物,65,弓箭,性别不限,Level
3083,奇石手镯,手镯,神物,65,全职业,性别不限,Level
3084,奇石手镯1,手镯,神物,65,战士,性别不限,Level
3085,奇石手镯2,手镯,神物,65,法师,性别不限,Level
3086,奇石手镯3,手镯,神物,65,道士,性别不限,Level
3087,奇石手镯4,手镯,神物,65,刺客,性别不限,Level
3088,奇石手镯5,手镯,神物,65,弓箭,性别不限,Level
3089,达摩戒指,戒指,神物,65,全职业,性别不限,Level
3090,达摩戒指1,戒指,神物,65,战士,性别不限,Level
3091,达摩戒指2,戒指,神物,65,法师,性别不限,Level
3092,达摩戒指3,戒指,神物,65,道士,性别不限,Level
3093,达摩戒指4,戒指,神物,65,刺客,性别不限,Level
3094,达摩戒指5,戒指,神物,65,弓箭,性别不限,Level
3095,呼吸项链,项链,神物,65,全职业,性别不限,Level
3096,呼吸项链1,项链,神物,65,战士,性别不限,Level
3097,呼吸项链2,项链,神物,65,法师,性别不限,Level
3098,呼吸项链3,项链,神物,65,道士,性别不限,Level
3099,呼吸项链4,项链,神物,65,刺客,性别不限,Level
3100,呼吸项链5,项链,神物,65,弓箭,性别不限,Level
3101,强化净化剂,工艺材料,宝物,0,全职业,性别不限,Level
3102,新3910(金),杂物,None,0,全职业,性别不限,Level
3103,新3911(金),杂物,None,0,全职业,性别不限,Level
3104,新3912(金),杂物,None,0,全职业,性别不限,Level
3105,新3913(金),杂物,None,0,全职业,性别不限,Level
3106,冰寒守护石(勇猛),守护石,宝物,55,战士,性别不限,Level
3107,冰寒守护石(魔性),守护石,宝物,55,战士,性别不限,Level
3108,冰寒守护石(仙界),守护石,宝物,55,战士,性别不限,Level
3109,冰寒守护石(机敏),守护石,宝物,55,战士,性别不限,Level
3110,冰寒守护石(神风),守护石,宝物,55,战士,性别不限,Level
3111,寒冰魔之眼,手镯,圣物,60,全职业,性别不限,Level
3112,冰寒火炬,照明物,圣物,60,全职业,性别不限,Level
3113,酷寒洞窟入场券,特殊消耗品,普通,0,全职业,性别不限,Level
3114,定位的符咒[7d],特殊消耗品,普通,0,全职业,性别不限,Level
3115,新3970(金),杂物,None,0,全职业,性别不限,Level
3116,新3971(金),杂物,None,0,全职业,性别不限,Level
3117,新3972(金),杂物,None,0,全职业,性别不限,Level
3118,新3973(金),杂物,None,0,全职业,性别不限,Level
3119,新3974(金),杂物,None,0,全职业,性别不限,Level
3120,新3975(金),杂物,None,0,全职业,性别不限,Level
3121,新3976(金),杂物,None,0,全职业,性别不限,Level
3122,新3977(金),杂物,None,0,全职业,性别不限,Level
3123,新3978(金),杂物,None,0,全职业,性别不限,Level
3124,新3979(金),杂物,None,0,全职业,性别不限,Level
3125,特殊3980提示,杂物,None,0,全职业,性别不限,Level
3126,昆仑守护石(中),守护石,宝物,50,全职业,性别不限,Level
3127,昆仑守护石(中)1,守护石,宝物,50,全职业,性别不限,Level
3128,昆仑守护石(中)2,守护石,宝物,50,全职业,性别不限,Level
3129,昆仑守护石(中)3,守护石,宝物,50,全职业,性别不限,Level
3130,昆仑守护石(中)4,守护石,宝物,50,全职业,性别不限,Level
3131,昆仑守护石(中)5,守护石,宝物,50,全职业,性别不限,Level
3132,昆仑守护石(中)6,守护石,宝物,50,全职业,性别不限,Level
3133,昆仑守护石(中)7,守护石,宝物,50,全职业,性别不限,Level
3134,昆仑守护石(中)8,守护石,宝物,50,全职业,性别不限,Level
3135,昆仑守护石(大),守护石,圣物,60,全职业,性别不限,Level
3136,昆仑守护石(大)1,守护石,圣物,60,全职业,性别不限,Level
3137,昆仑守护石(大)2,守护石,圣物,60,全职业,性别不限,Level
3138,昆仑守护石(大)3,守护石,圣物,60,全职业,性别不限,Level
3139,昆仑守护石(大)4,守护石,圣物,60,全职业,性别不限,Level
3140,昆仑守护石(大)5,守护石,圣物,60,全职业,性别不限,Level
3141,昆仑守护石(大)6,守护石,圣物,60,全职业,性别不限,Level
3142,昆仑守护石(大)7,守护石,圣物,60,全职业,性别不限,Level
3143,昆仑守护石(大)8,守护石,圣物,60,全职业,性别不限,Level
3144,昆仑守护石(大)9,守护石,圣物,60,全职业,性别不限,Level
3145,昆仑守护石(小),守护石,普通,30,全职业,性别不限,Level
3146,昆仑守护石(小)1,守护石,普通,30,全职业,性别不限,Level
3147,昆仑守护石(小)2,守护石,普通,30,全职业,性别不限,Level
3148,昆仑守护石(小)3,守护石,普通,30,全职业,性别不限,Level
3149,昆仑守护石(小)4,守护石,普通,30,全职业,性别不限,Level
3150,昆仑守护石(小)5,守护石,普通,30,全职业,性别不限,Level
3151,次元守护石,守护石,普通,20,全职业,性别不限,Level
3152,次元守护石1,守护石,普通,20,全职业,性别不限,Level
3153,次元守护石2,守护石,普通,20,全职业,性别不限,Level
3154,次元守护石3,守护石,普通,20,全职业,性别不限,Level
3155,次元守护石4,守护石,普通,20,全职业,性别不限,Level
3156,次元守护石5,守护石,普通,20,全职业,性别不限,Level
3157,恶魔长靴,靴子,None,25,全职业,性别不限,Level
3158,恶魔长靴1,靴子,None,25,全职业,性别不限,Level
3159,恶魔长靴2,靴子,None,25,全职业,性别不限,Level
3160,恶魔长靴3,靴子,None,25,全职业,性别不限,Level
3161,恶魔长靴4,靴子,None,25,全职业,性别不限,Level
3162,恶魔长靴5,靴子,None,25,全职业,性别不限,Level
3163,天堂长靴,靴子,宝物,45,全职业,性别不限,Level
3164,天堂长靴1,靴子,宝物,45,全职业,性别不限,Level
3165,天堂长靴2,靴子,宝物,45,全职业,性别不限,Level
3166,天堂长靴3,靴子,宝物,45,全职业,性别不限,Level
3167,天堂长靴4,靴子,宝物,45,全职业,性别不限,Level
3168,天堂长靴5,靴子,宝物,45,全职业,性别不限,Level
3169,天堂长靴6,靴子,宝物,45,全职业,性别不限,Level
3170,天堂长靴7,靴子,宝物,45,全职业,性别不限,Level
3171,天堂长靴8,靴子,宝物,45,全职业,性别不限,Level
3172,正义之靴,靴子,圣物,55,全职业,性别不限,Level
3173,恶魔腰带,腰带,普通,25,全职业,性别不限,Level
3174,恶魔腰带1,腰带,普通,25,全职业,性别不限,Level
3175,恶魔腰带2,腰带,普通,25,全职业,性别不限,Level
3176,恶魔腰带3,腰带,普通,25,全职业,性别不限,Level
3177,恶魔腰带4,腰带,普通,25,全职业,性别不限,Level
3178,恶魔腰带5,腰带,普通,25,全职业,性别不限,Level
3179,天堂腰带,腰带,宝物,45,全职业,性别不限,Level
3180,天堂腰带1,腰带,宝物,45,全职业,性别不限,Level
3181,天堂腰带2,腰带,宝物,45,全职业,性别不限,Level
3182,天堂腰带3,腰带,宝物,45,全职业,性别不限,Level
3183,天堂腰带4,腰带,宝物,45,全职业,性别不限,Level
3184,天堂腰带5,腰带,宝物,45,全职业,性别不限,Level
3185,天堂腰带6,腰带,宝物,45,全职业,性别不限,Level
3186,天堂腰带7,腰带,宝物,45,全职业,性别不限,Level
3187,天堂腰带8,腰带,宝物,45,全职业,性别不限,Level
3188,正义腰带,腰带,圣物,55,全职业,性别不限,Level
3189,正义腰带1,腰带,圣物,55,全职业,性别不限,Level
3190,正义腰带2,腰带,圣物,55,全职业,性别不限,Level
3191,正义腰带3,腰带,圣物,55,全职业,性别不限,Level
3192,正义腰带4,腰带,圣物,55,全职业,性别不限,Level
3193,正义腰带5,腰带,圣物,55,全职业,性别不限,Level
3194,正义腰带6,腰带,圣物,55,全职业,性别不限,Level
3195,正义腰带7,腰带,圣物,55,全职业,性别不限,Level
3196,正义腰带8,腰带,圣物,55,全职业,性别不限,Level
3197,正义腰带9,腰带,圣物,55,全职业,性别不限,Level
3198,天尊衣冠(勇猛),头盔,宝物,50,战士,性别不限,Level
3199,无极衣冠(魔性),头盔,神物,55,法师,性别不限,Level
3200,倚仙衣冠(仙界),头盔,宝物,50,道士,性别不限,Level
3201,魔灵纱帽(机敏),头盔,宝物,50,刺客,性别不限,Level
3202,无极帝衣冠(神风）,头盔,宝物,50,弓箭,性别不限,Level
3203,新4005(金),杂物,None,0,全职业,性别不限,Level
3204,新4006(金),杂物,None,0,全职业,性别不限,Level
3205,新4007(金),杂物,None,0,全职业,性别不限,Level
3206,遗物,任务物品,普通,0,全职业,性别不限,Level
3207,新4009(金),杂物,None,0,全职业,性别不限,Level
3208,新4010(金),杂物,None,0,全职业,性别不限,Level
3209,内尔族的印章,工艺材料,普通,0,全职业,性别不限,Level
3210,内尔族长老徽章,工艺材料,普通,0,全职业,性别不限,Level
3211,新4013(金),杂物,None,0,全职业,性别不限,Level
3212,祝融石碎片箱,特殊消耗品,宝物,0,全职业,性别不限,Level
3213,高级力量碎片,工艺材料,普通,0,全职业,性别不限,Level
3214,中级力量碎片,工艺材料,普通,0,全职业,性别不限,Level
3215,初级力量碎片,工艺材料,普通,0,全职业,性别不限,Level
3216,千年龟的壳,工艺材料,普通,0,全职业,性别不限,Level
3217,神奇的碎片,杂物,None,0,全职业,性别不限,Level
3218,新4020(金),杂物,None,0,全职业,性别不限,Level
3219,新4021(金),杂物,None,0,全职业,性别不限,Level
3220,新4022(金),杂物,None,0,全职业,性别不限,Level
3221,新4023(金),杂物,None,0,全职业,性别不限,Level
3222,新4024(金),杂物,None,0,全职业,性别不限,Level
3223,新4025(金),杂物,None,0,全职业,性别不限,Level
3224,新4026(金),杂物,None,0,全职业,性别不限,Level
3225,新4027(金),杂物,None,0,全职业,性别不限,Level
3226,新4028(金),杂物,None,0,全职业,性别不限,Level
3227,新4029(金),杂物,None,0,全职业,性别不限,Level
3228,新4030(金),杂物,None,0,全职业,性别不限,Level
3229,新4031(金),杂物,None,0,全职业,性别不限,Level
3230,新4032(金),杂物,None,0,全职业,性别不限,Level
3231,新4033(金),杂物,None,0,全职业,性别不限,Level
3232,新4034(金),杂物,None,0,全职业,性别不限,Level
3233,新4035(金),杂物,None,0,全职业,性别不限,Level
3234,新4036(金),杂物,None,0,全职业,性别不限,Level
3235,新4037(金),杂物,None,0,全职业,性别不限,Level
3236,新4038(金),杂物,None,0,全职业,性别不限,Level
3237,内尔族女巫净瓶,工艺材料,普通,0,全职业,性别不限,Level
3238,内尔族的净瓶,工艺材料,普通,0,全职业,性别不限,Level
3239,继承之石(青),杂物,None,0,全职业,性别不限,Level
3240,继承之石(红),杂物,None,0,全职业,性别不限,Level
3241,新4043(金),杂物,None,0,全职业,性别不限,Level
3242,新4044(金),杂物,None,0,全职业,性别不限,Level
3243,新4045(金),杂物,None,0,全职业,性别不限,Level
3244,新4046(金),杂物,None,0,全职业,性别不限,Level
3245,新4047(金),杂物,None,0,全职业,性别不限,Level
3246,新4048(金),杂物,None,0,全职业,性别不限,Level
3247,新4049(金),杂物,None,0,全职业,性别不限,Level
3248,新4050(金),杂物,None,0,全职业,性别不限,Level
3249,新4051(金),杂物,None,0,全职业,性别不限,Level
3250,新4052(金),杂物,None,0,全职业,性别不限,Level
3251,新4053(金),杂物,None,0,全职业,性别不限,Level
3252,新4054(金),杂物,None,0,全职业,性别不限,Level
3253,新4055(金),杂物,None,0,全职业,性别不限,Level
3254,昆仑清露,工艺材料,普通,0,全职业,性别不限,Level
3255,新4057(金),杂物,None,0,全职业,性别不限,Level
3256,新4058(金),杂物,None,0,全职业,性别不限,Level
3257,新4059(金),杂物,None,0,全职业,性别不限,Level
3258,新4060(金),杂物,None,0,全职业,性别不限,Level
3259,新4061(金),杂物,None,0,全职业,性别不限,Level
3260,书页,任务物品,普通,0,全职业,性别不限,Level
3261,消融雪球,杂物,普通,0,全职业,性别不限,Level
3262,完美雪球,杂物,普通,0,全职业,性别不限,Level
3263,新4065(金),杂物,None,0,全职业,性别不限,Level
3264,新4066(金),杂物,None,0,全职业,性别不限,Level
3265,勇泉水,药水,普通,0,全职业,性别不限,Level
3266,神泉水罐,特殊消耗品,宝物,0,全职业,性别不限,Level
3267,淡泉水,药水,普通,0,全职业,性别不限,Level
3268,寒泉水,药水,普通,0,全职业,性别不限,Level
3269,神泉水,药水,普通,0,全职业,性别不限,Level
3270,绽泉水,药水,普通,0,全职业,性别不限,Level
3271,新4076(金),杂物,None,0,全职业,性别不限,Level
3272,新4077(金),杂物,None,0,全职业,性别不限,Level
3273,新4078(金),杂物,None,0,全职业,性别不限,Level
3274,新4090(金),杂物,None,0,全职业,性别不限,Level
3275,新4091(金),杂物,None,0,全职业,性别不限,Level
3276,新4092(金),杂物,None,0,全职业,性别不限,Level
3277,新4093(金),杂物,None,0,全职业,性别不限,Level
3278,新4094(金),杂物,None,0,全职业,性别不限,Level
3279,新4095(金),杂物,None,0,全职业,性别不限,Level
3280,新4096(金),杂物,None,0,全职业,性别不限,Level
3281,新4097(金),杂物,None,0,全职业,性别不限,Level
3282,新4098(金),杂物,None,0,全职业,性别不限,Level
3283,新4099(金),杂物,None,0,全职业,性别不限,Level
3284,新4100(金),杂物,None,0,全职业,性别不限,Level
3285,新4101(金),杂物,None,0,全职业,性别不限,Level
3286,新4102(金),杂物,None,0,全职业,性别不限,Level
3287,高级香槟酒,药水,普通,0,全职业,性别不限,Level
3288,韩牛牛排,药水,普通,0,全职业,性别不限,Level
3289,烤火鸡,药水,普通,0,全职业,性别不限,Level
3290,奶油汤,药水,普通,0,全职业,性别不限,Level
3291,巧克力蛋糕,药水,普通,0,全职业,性别不限,Level
3292,新4108(金),杂物,None,0,全职业,性别不限,Level
3293,新4109(金),杂物,None,0,全职业,性别不限,Level
3294,新4110(金),杂物,None,0,全职业,性别不限,Level
3295,新4111(金),杂物,None,0,全职业,性别不限,Level
3296,新4112(金),杂物,None,0,全职业,性别不限,Level
3297,新4113(金),杂物,None,0,全职业,性别不限,Level
3298,新4114(金),杂物,None,0,全职业,性别不限,Level
3299,新4115(金),杂物,None,0,全职业,性别不限,Level
3300,新4116(金),杂物,None,0,全职业,性别不限,Level
3301,口罩[1d],头盔,普通,1,全职业,性别不限,Level
3302,新4118(金),杂物,None,0,全职业,性别不限,Level
3303,毁灭之珠,工艺材料,普通,0,全职业,性别不限,Level
3304,毁灭精华(永久),工艺材料,普通,0,全职业,性别不限,Level
3305,晶莹的宝珠,工艺材料,普通,0,全职业,性别不限,Level
3306,宝珠的碎片,工艺材料,普通,0,全职业,性别不限,Level
3307,不稳定的宝珠0,手镯,宝物,50,全职业,性别不限,Level
3308,不稳定的宝珠01,手镯,宝物,50,战士,性别不限,Level
3309,不稳定的宝珠02,手镯,宝物,50,法师,性别不限,Level
3310,不稳定的宝珠03,手镯,宝物,50,道士,性别不限,Level
3311,不稳定的宝珠04,手镯,宝物,50,刺客,性别不限,Level
3312,不稳定的宝珠05,手镯,宝物,50,弓箭,性别不限,Level
3313,不稳定的宝珠1,手镯,宝物,50,全职业,性别不限,Level
3314,不稳定的宝珠11,手镯,宝物,50,战士,性别不限,Level
3315,不稳定的宝珠12,手镯,宝物,50,法师,性别不限,Level
3316,不稳定的宝珠13,手镯,宝物,50,道士,性别不限,Level
3317,不稳定的宝珠14,手镯,宝物,50,刺客,性别不限,Level
3318,不稳定的宝珠15,手镯,宝物,50,弓箭,性别不限,Level
3319,不稳定的宝珠2,手镯,宝物,50,全职业,性别不限,Level
3320,不稳定的宝珠21,手镯,宝物,50,战士,性别不限,Level
3321,不稳定的宝珠22,手镯,宝物,50,法师,性别不限,Level
3322,不稳定的宝珠23,手镯,宝物,50,道士,性别不限,Level
3323,不稳定的宝珠24,手镯,宝物,50,刺客,性别不限,Level
3324,不稳定的宝珠25,手镯,宝物,50,弓箭,性别不限,Level
3325,不稳定的宝珠3,手镯,宝物,50,全职业,性别不限,Level
3326,不稳定的宝珠31,手镯,宝物,50,战士,性别不限,Level
3327,不稳定的宝珠32,手镯,宝物,50,法师,性别不限,Level
3328,不稳定的宝珠33,手镯,宝物,50,道士,性别不限,Level
3329,不稳定的宝珠34,手镯,宝物,50,刺客,性别不限,Level
3330,不稳定的宝珠35,手镯,宝物,50,弓箭,性别不限,Level
3331,不稳定的宝珠4,手镯,圣物,50,全职业,性别不限,Level
3332,不稳定的宝珠41,手镯,圣物,50,战士,性别不限,Level
3333,不稳定的宝珠42,手镯,圣物,50,法师,性别不限,Level
3334,不稳定的宝珠43,手镯,圣物,50,道士,性别不限,Level
3335,不稳定的宝珠44,手镯,圣物,50,刺客,性别不限,Level
3336,不稳定的宝珠45,手镯,圣物,50,弓箭,性别不限,Level
3337,不稳定的宝珠5,手镯,圣物,50,全职业,性别不限,Level
3338,不稳定的宝珠51,手镯,圣物,50,战士,性别不限,Level
3339,不稳定的宝珠52,手镯,圣物,50,法师,性别不限,Level
3340,不稳定的宝珠53,手镯,圣物,50,道士,性别不限,Level
3341,不稳定的宝珠54,手镯,圣物,50,刺客,性别不限,Level
3342,不稳定的宝珠55,手镯,圣物,50,弓箭,性别不限,Level
3343,不稳定的宝珠6,手镯,圣物,50,全职业,性别不限,Level
3344,不稳定的宝珠61,手镯,圣物,50,战士,性别不限,Level
3345,不稳定的宝珠62,手镯,圣物,50,法师,性别不限,Level
3346,不稳定的宝珠63,手镯,圣物,50,道士,性别不限,Level
3347,不稳定的宝珠64,手镯,圣物,50,刺客,性别不限,Level
3348,不稳定的宝珠65,手镯,圣物,50,弓箭,性别不限,Level
3349,不稳定的宝珠7,手镯,神物,50,全职业,性别不限,Level
3350,不稳定的宝珠71,手镯,神物,50,战士,性别不限,Level
3351,不稳定的宝珠72,手镯,神物,50,法师,性别不限,Level
3352,不稳定的宝珠73,手镯,神物,50,道士,性别不限,Level
3353,不稳定的宝珠74,手镯,神物,50,刺客,性别不限,Level
3354,不稳定的宝珠75,手镯,神物,50,弓箭,性别不限,Level
3355,不稳定的宝珠8,手镯,神物,50,全职业,性别不限,Level
3356,不稳定的宝珠81,手镯,神物,50,战士,性别不限,Level
3357,不稳定的宝珠82,手镯,神物,50,法师,性别不限,Level
3358,不稳定的宝珠83,手镯,神物,50,道士,性别不限,Level
3359,不稳定的宝珠84,手镯,神物,50,刺客,性别不限,Level
3360,不稳定的宝珠85,手镯,神物,50,弓箭,性别不限,Level
3361,不稳定的宝珠9,手镯,神物,50,全职业,性别不限,Level
3362,不稳定的宝珠91,手镯,神物,50,战士,性别不限,Level
3363,不稳定的宝珠92,手镯,神物,50,法师,性别不限,Level
3364,不稳定的宝珠93,手镯,神物,50,道士,性别不限,Level
3365,不稳定的宝珠94,手镯,神物,50,刺客,性别不限,Level
3366,不稳定的宝珠95,手镯,神物,50,弓箭,性别不限,Level
3367,闪耀的毁灭碎片,工艺材料,普通,0,全职业,性别不限,Level
3368,灿烂的毁灭碎片,工艺材料,普通,0,全职业,性别不限,Level
3369,凝聚的毁灭之力,工艺材料,普通,0,全职业,性别不限,Level
3370,内尔族的灵药,特殊消耗品,宝物,1,全职业,性别不限,Level
3371,新4141(金),杂物,None,0,全职业,性别不限,Level
3372,新4142(金),杂物,None,0,全职业,性别不限,Level
3373,新4143(金),杂物,None,0,全职业,性别不限,Level
3374,洞察药水,杂物,None,0,全职业,性别不限,Level
3375,混沌变身药水,杂物,None,0,全职业,性别不限,Level
3376,勇猛的心,特殊消耗品,普通,0,全职业,性别不限,Level
3377,攻击水[3h],杂物,普通,0,全职业,性别不限,Level
3378,攻力水(英),杂物,普通,0,全职业,性别不限,Level
3379,新4149(金),杂物,None,0,全职业,性别不限,Level
3380,新4160(金),杂物,None,0,全职业,性别不限,Level
3381,昆仑战斗仙丹,杂物,宝物,0,全职业,性别不限,Level
3382,新4162(金),杂物,None,0,全职业,性别不限,Level
3383,新4163(金),杂物,None,0,全职业,性别不限,Level
3384,新4164(金),杂物,None,0,全职业,性别不限,Level
3385,新4165(金),杂物,None,0,全职业,性别不限,Level
3386,绿灵玉环,戒指,宝物,60,全职业,性别不限,Level
3387,绿灵玉环1,戒指,宝物,60,战士,性别不限,Level
3388,绿灵玉环2,戒指,宝物,60,法师,性别不限,Level
3389,绿灵玉环3,戒指,宝物,60,道士,性别不限,Level
3390,绿灵玉环4,戒指,宝物,60,刺客,性别不限,Level
3391,绿灵玉环5,戒指,宝物,60,弓箭,性别不限,Level
3392,双绿灵玉环,戒指,圣物,60,全职业,性别不限,Level
3393,双绿灵玉环1,戒指,圣物,60,战士,性别不限,Level
3394,双绿灵玉环2,戒指,圣物,60,法师,性别不限,Level
3395,双绿灵玉环3,戒指,圣物,60,道士,性别不限,Level
3396,双绿灵玉环4,戒指,圣物,60,刺客,性别不限,Level
3397,双绿灵玉环5,戒指,圣物,60,弓箭,性别不限,Level
3398,花灵玉环,戒指,宝物,60,全职业,性别不限,Level
3399,花灵玉环1,戒指,宝物,60,战士,性别不限,Level
3400,花灵玉环2,戒指,宝物,60,法师,性别不限,Level
3401,花灵玉环3,戒指,宝物,60,道士,性别不限,Level
3402,花灵玉环4,戒指,宝物,60,刺客,性别不限,Level
3403,花灵玉环5,戒指,宝物,60,弓箭,性别不限,Level
3404,双花灵玉环,戒指,圣物,60,全职业,性别不限,Level
3405,双花灵玉环1,戒指,圣物,60,战士,性别不限,Level
3406,双花灵玉环2,戒指,圣物,60,法师,性别不限,Level
3407,双花灵玉环3,戒指,圣物,60,道士,性别不限,Level
3408,双花灵玉环4,戒指,圣物,60,刺客,性别不限,Level
3409,双花灵玉环5,戒指,圣物,60,弓箭,性别不限,Level
3410,褪色绿灵玉环,戒指,宝物,60,全职业,性别不限,Level
3411,褪色绿灵玉环1,戒指,宝物,60,战士,性别不限,Level
3412,褪色绿灵玉环2,戒指,宝物,60,法师,性别不限,Level
3413,褪色绿灵玉环3,戒指,宝物,60,道士,性别不限,Level
3414,褪色绿灵玉环4,戒指,宝物,60,刺客,性别不限,Level
3415,褪色绿灵玉环5,戒指,宝物,60,弓箭,性别不限,Level
3416,孙公的仙丹,药水,None,0,全职业,性别不限,Level
3417,新4190(金),杂物,None,0,全职业,性别不限,Level
3418,新4191(金),杂物,None,0,全职业,性别不限,Level
3419,孙公的秘药,药水,None,0,全职业,性别不限,Level
3420,新4193(金),杂物,None,0,全职业,性别不限,Level
3421,新4210(金),杂物,None,0,全职业,性别不限,Level
3422,新4211(金),杂物,None,0,全职业,性别不限,Level
3423,新4212(金),杂物,None,0,全职业,性别不限,Level
3424,新4213(金),杂物,None,0,全职业,性别不限,Level
3425,新4214(金),杂物,None,0,全职业,性别不限,Level
3426,新4215(金),杂物,None,0,全职业,性别不限,Level
3427,新4220(金),杂物,None,0,全职业,性别不限,Level
3428,新4221(金),杂物,None,0,全职业,性别不限,Level
3429,新4222(金),杂物,None,0,全职业,性别不限,Level
3430,新4223(金),杂物,None,0,全职业,性别不限,Level
3431,新4224(金),杂物,None,0,全职业,性别不限,Level
3432,新4225(金),杂物,None,0,全职业,性别不限,Level
3433,新4230(金),杂物,None,0,全职业,性别不限,Level
3434,新4231(金),杂物,None,0,全职业,性别不限,Level
3435,新4232(金),杂物,None,0,全职业,性别不限,Level
3436,新4233(金),杂物,None,0,全职业,性别不限,Level
3437,新4234(金),杂物,None,0,全职业,性别不限,Level
3438,新4235(金),杂物,None,0,全职业,性别不限,Level
3439,新4240(金),杂物,None,0,全职业,性别不限,Level
3440,新4241(金),杂物,None,0,全职业,性别不限,Level
3441,新4242(金),杂物,None,0,全职业,性别不限,Level
3442,新4243(金),杂物,None,0,全职业,性别不限,Level
3443,新4244(金),杂物,None,0,全职业,性别不限,Level
3444,新4245(金),杂物,None,0,全职业,性别不限,Level
3445,新4250(金),杂物,None,0,全职业,性别不限,Level
3446,新4251(金),杂物,None,0,全职业,性别不限,Level
3447,新4252(金),杂物,None,0,全职业,性别不限,Level
3448,新4253(金),杂物,None,0,全职业,性别不限,Level
3449,新4254(金),杂物,None,0,全职业,性别不限,Level
3450,新4255(金),杂物,None,0,全职业,性别不限,Level
3451,新4270(金),杂物,None,0,全职业,性别不限,Level
3452,神木之兄(萤火虫)[30m],任务物品,普通,0,全职业,性别不限,Level
3453,三清堡,工艺材料,普通,0,全职业,性别不限,Level
3454,古代遗骨粉,工艺材料,普通,0,全职业,性别不限,Level
3455,三清碧玉,工艺材料,普通,0,全职业,性别不限,Level
3456,残破的书页,杂物,普通,0,全职业,性别不限,Level
3457,新4276(金),杂物,普通,0,全职业,性别不限,Level
3458,三清供奉龛,特殊消耗品,普通,0,全职业,性别不限,Level
3459,华玉,工艺材料,普通,0,全职业,性别不限,Level
3460,武林宗师的印章,工艺材料,普通,0,全职业,性别不限,Level
3461,英勇之印,工艺材料,普通,0,全职业,性别不限,Level
3462,古代的婆娑胛,工艺材料,普通,0,全职业,性别不限,Level
3463,古代隐秘的婆娑胛,工艺材料,普通,0,全职业,性别不限,Level
3464,古代的丽仙泪,工艺材料,普通,0,全职业,性别不限,Level
3465,古代隐秘的丽仙泪,工艺材料,普通,0,全职业,性别不限,Level
3466,古代的龙极衣,工艺材料,普通,0,全职业,性别不限,Level
3467,古代隐秘的龙极衣,工艺材料,普通,0,全职业,性别不限,Level
3468,古代的灵玉环,工艺材料,普通,0,全职业,性别不限,Level
3469,冰龙之息,工艺材料,宝物,0,全职业,性别不限,Level
3470,冰龙龙鳞,工艺材料,普通,0,全职业,性别不限,Level
3471,新4289(金),杂物,None,0,全职业,性别不限,Level
3472,新4290(金),杂物,None,0,全职业,性别不限,Level
3473,治愈术-秘籍,技能书,圣物,55,道士,性别不限,Level
3474,阴阳五行阵-秘籍,技能书,圣物,62,道士,性别不限,Level
3475,捕绳剑-秘籍,技能书,圣物,55,战士,性别不限,Level
3476,金刚不坏-秘籍,技能书,圣物,62,战士,性别不限,Level
3477,狮子吼-秘籍,技能书,圣物,95,战士,性别不限,Level
3478,时空剑-秘籍,技能书,圣物,100,战士,性别不限,Level
3479,闪爆-秘籍,技能书,圣物,50,弓箭,性别不限,Level
3480,血龙闪-秘籍,技能书,圣物,50,弓箭,性别不限,Level
3481,大火球-秘籍,技能书,圣物,55,法师,性别不限,Level
3482,雷仙风-秘籍,技能书,圣物,62,法师,性别不限,Level
3483,拔刀术-秘籍,技能书,圣物,55,刺客,性别不限,Level
3484,月影雾-秘籍,技能书,圣物,62,刺客,性别不限,Level
3485,三清木盒,特殊消耗品,普通,0,全职业,性别不限,Level
3486,新4297(金),杂物,None,0,全职业,性别不限,Level
3487,新4298(金),杂物,None,0,全职业,性别不限,Level
3488,新4299(金),杂物,None,0,全职业,性别不限,Level
3489,新4300(金),杂物,None,0,全职业,性别不限,Level
3490,新4301(金),杂物,None,0,全职业,性别不限,Level
3491,修复用的装饰,工艺材料,普通,0,全职业,性别不限,Level
3492,新4303(金),杂物,None,0,全职业,性别不限,Level
3493,古代气息恢复材料,工艺材料,普通,0,全职业,性别不限,Level
3494,新4305(金),杂物,None,0,全职业,性别不限,Level
3495,新4306(金),杂物,None,0,全职业,性别不限,Level
3496,三清水,工艺材料,普通,0,全职业,性别不限,Level
3497,道场清露,工艺材料,普通,0,全职业,性别不限,Level
3498,昆仑宝露,特殊消耗品,普通,0,全职业,性别不限,Level
3499,新4310(金),杂物,None,0,全职业,性别不限,Level
3500,金宝箱4350,杂物,None,0,全职业,性别不限,Level
3501,金宝箱4360,杂物,None,0,全职业,性别不限,Level
3502,新4380(金),杂物,None,0,全职业,性别不限,Level
3503,新4381(金),杂物,None,0,全职业,性别不限,Level
3504,新4382(金),杂物,None,0,全职业,性别不限,Level
3505,新4383(金),杂物,None,0,全职业,性别不限,Level
3506,金龙屠龙,武器,宝物,20,战士,性别不限,Level
3507,金龙屠龙1,武器,宝物,20,战士,性别不限,Level
3508,金龙屠龙2,武器,宝物,20,战士,性别不限,Level
3509,金龙嗜魂法杖,武器,宝物,20,法师,性别不限,Level
3510,金龙嗜魂法杖1,武器,宝物,20,法师,性别不限,Level
3511,金龙嗜魂法杖2,武器,宝物,20,法师,性别不限,Level
3512,金龙龙纹剑,武器,宝物,20,道士,性别不限,Level
3513,金龙龙纹剑1,武器,宝物,20,道士,性别不限,Level
3514,金龙龙纹剑2,武器,宝物,20,道士,性别不限,Level
3515,金龙修罗刀,武器,宝物,20,刺客,性别不限,Level
3516,金龙修罗刀1,武器,宝物,20,刺客,性别不限,Level
3517,金龙修罗刀2,武器,宝物,20,刺客,性别不限,Level
3518,金龙黄龙弓,武器,宝物,20,弓箭,性别不限,Level
3519,金龙黄龙弓1,武器,宝物,20,弓箭,性别不限,Level
3520,金龙黄龙弓2,武器,宝物,20,弓箭,性别不限,Level
3521,金龙信物,工艺材料,None,0,全职业,性别不限,Level
3522,金龙狐狸项链,项链,宝物,20,全职业,性别不限,Level
3523,金龙狐狸项链01,项链,宝物,20,战士,性别不限,Level
3524,金龙狐狸项链02,项链,宝物,20,法师,性别不限,Level
3525,金龙狐狸项链03,项链,宝物,20,道士,性别不限,Level
3526,金龙狐狸项链04,项链,宝物,20,刺客,性别不限,Level
3527,金龙狐狸项链05,项链,宝物,20,弓箭,性别不限,Level
3528,金龙狐狸项链1,项链,宝物,20,全职业,性别不限,Level
3529,金龙狐狸项链11,项链,宝物,20,战士,性别不限,Level
3530,金龙狐狸项链12,项链,宝物,20,法师,性别不限,Level
3531,金龙狐狸项链13,项链,宝物,20,道士,性别不限,Level
3532,金龙狐狸项链14,项链,宝物,20,刺客,性别不限,Level
3533,金龙狐狸项链15,项链,宝物,20,弓箭,性别不限,Level
3534,金龙狐狸项链2,项链,宝物,20,全职业,性别不限,Level
3535,金龙狐狸项链21,项链,宝物,20,战士,性别不限,Level
3536,金龙狐狸项链22,项链,宝物,20,法师,性别不限,Level
3537,金龙狐狸项链23,项链,宝物,20,道士,性别不限,Level
3538,金龙狐狸项链24,项链,宝物,20,刺客,性别不限,Level
3539,金龙狐狸项链25,项链,宝物,20,弓箭,性别不限,Level
3540,金龙狐狸戒指,戒指,宝物,20,全职业,性别不限,Level
3541,金龙狐狸戒指01,戒指,宝物,20,战士,性别不限,Level
3542,金龙狐狸戒指02,戒指,宝物,20,法师,性别不限,Level
3543,金龙狐狸戒指03,戒指,宝物,20,道士,性别不限,Level
3544,金龙狐狸戒指04,戒指,宝物,20,刺客,性别不限,Level
3545,金龙狐狸戒指05,戒指,宝物,20,弓箭,性别不限,Level
3546,金龙狐狸戒指1,戒指,宝物,20,全职业,性别不限,Level
3547,金龙狐狸戒指11,戒指,宝物,20,战士,性别不限,Level
3548,金龙狐狸戒指12,戒指,宝物,20,法师,性别不限,Level
3549,金龙狐狸戒指13,戒指,宝物,20,道士,性别不限,Level
3550,金龙狐狸戒指14,戒指,宝物,20,刺客,性别不限,Level
3551,金龙狐狸戒指15,戒指,宝物,20,弓箭,性别不限,Level
3552,金龙狐狸戒指2,戒指,宝物,20,全职业,性别不限,Level
3553,金龙狐狸戒指21,戒指,宝物,20,战士,性别不限,Level
3554,金龙狐狸戒指22,戒指,宝物,20,法师,性别不限,Level
3555,金龙狐狸戒指23,戒指,宝物,20,道士,性别不限,Level
3556,金龙狐狸戒指24,戒指,宝物,20,刺客,性别不限,Level
3557,金龙狐狸戒指25,戒指,宝物,20,弓箭,性别不限,Level
3558,金龙狐狸袖套,手镯,宝物,20,全职业,性别不限,Level
3559,金龙狐狸袖套01,手镯,宝物,20,战士,性别不限,Level
3560,金龙狐狸袖套02,手镯,宝物,20,法师,性别不限,Level
3561,金龙狐狸袖套03,手镯,宝物,20,道士,性别不限,Level
3562,金龙狐狸袖套04,手镯,宝物,20,刺客,性别不限,Level
3563,金龙狐狸袖套05,手镯,宝物,20,弓箭,性别不限,Level
3564,金龙狐狸袖套1,手镯,宝物,20,全职业,性别不限,Level
3565,金龙狐狸袖套11,手镯,宝物,20,战士,性别不限,Level
3566,金龙狐狸袖套12,手镯,宝物,20,法师,性别不限,Level
3567,金龙狐狸袖套13,手镯,宝物,20,道士,性别不限,Level
3568,金龙狐狸袖套14,手镯,宝物,20,刺客,性别不限,Level
3569,金龙狐狸袖套15,手镯,宝物,20,弓箭,性别不限,Level
3570,金龙狐狸袖套2,手镯,宝物,20,全职业,性别不限,Level
3571,金龙狐狸袖套21,手镯,宝物,20,战士,性别不限,Level
3572,金龙狐狸袖套22,手镯,宝物,20,法师,性别不限,Level
3573,金龙狐狸袖套23,手镯,宝物,20,道士,性别不限,Level
3574,金龙狐狸袖套24,手镯,宝物,20,刺客,性别不限,Level
3575,金龙狐狸袖套25,手镯,宝物,20,弓箭,性别不限,Level
3576,神龙鳞玉,工艺材料,None,0,全职业,性别不限,Level
3577,神龙之鳞,工艺材料,None,0,全职业,性别不限,Level
3578,神龙信物,工艺材料,None,0,全职业,性别不限,Level
3579,神龙头盔,头盔,神物,20,全职业,性别不限,Level
3580,神龙头盔1,头盔,神物,20,全职业,性别不限,Level
3581,神龙头盔2,头盔,神物,20,全职业,性别不限,Level
3582,神龙头盔3,头盔,神物,20,全职业,性别不限,Level
3583,神龙头盔4,头盔,神物,20,全职业,性别不限,Level
3584,神龙头盔5,头盔,神物,20,全职业,性别不限,Level
3585,神龙头盔6,头盔,神物,20,全职业,性别不限,Level
3586,神龙头盔7,头盔,神物,20,全职业,性别不限,Level
3587,神龙之力,工艺材料,None,0,全职业,性别不限,Level
3588,龙之信物,工艺材料,None,0,全职业,性别不限,Level
3589,龙之金券,工艺材料,None,0,全职业,性别不限,Level
3590,新4431(金),杂物,None,0,全职业,性别不限,Level
3591,新4432(金),杂物,None,0,全职业,性别不限,Level
3592,新4433(金),杂物,None,0,全职业,性别不限,Level
3593,新4434(金),杂物,None,0,全职业,性别不限,Level
3594,鎢鑞石晶片(小),绝技材料,普通,0,全职业,性别不限,Level
3595,鎢鑞石晶片(中),绝技材料,普通,0,全职业,性别不限,Level
3596,鎢鑞石晶片(大),绝技材料,普通,0,全职业,性别不限,Level
3597,五镴石,绝技材料,宝物,0,全职业,性别不限,Level
3598,新4452(金),杂物,None,0,全职业,性别不限,Level
3599,五镴石碎片,杂物,普通,0,全职业,性别不限,Level
3600,新4454(金),杂物,None,0,全职业,性别不限,Level
3601,新4455(金),杂物,None,0,全职业,性别不限,Level
3602,光环石碎片,杂物,普通,0,全职业,性别不限,Level
3603,绝技盒0,护身符,神物,0,全职业,性别不限,Level
3604,绝技盒,护身符,神物,0,全职业,性别不限,Level
3605,朱雀短刀1,攻击型绝技,普通,0,全职业,性别不限,Level
3606,朱雀短刀2,攻击型绝技,宝物,0,全职业,性别不限,Level
3607,朱雀短刀3,攻击型绝技,圣物,0,全职业,性别不限,Level
3608,朱雀短刀4,攻击型绝技,神物,0,全职业,性别不限,Level
3609,功力秘籍1,攻击型绝技,普通,0,全职业,性别不限,Level
3610,功力秘籍2,攻击型绝技,宝物,0,全职业,性别不限,Level
3611,功力秘籍3,攻击型绝技,圣物,0,全职业,性别不限,Level
3612,功力秘籍4,攻击型绝技,神物,0,全职业,性别不限,Level
3613,功力之书1,攻击型绝技,普通,0,全职业,性别不限,Level
3614,功力之书2,攻击型绝技,宝物,0,全职业,性别不限,Level
3615,功力之书3,攻击型绝技,圣物,0,全职业,性别不限,Level
3616,功力之书4,攻击型绝技,神物,0,全职业,性别不限,Level
3617,功力神功1,攻击型绝技,普通,0,全职业,性别不限,Level
3618,功力神功2,攻击型绝技,宝物,0,全职业,性别不限,Level
3619,功力神功3,攻击型绝技,圣物,0,全职业,性别不限,Level
3620,功力神功4,攻击型绝技,神物,0,全职业,性别不限,Level
3621,金刚原石1,防御型绝技,普通,0,全职业,性别不限,Level
3622,金刚原石2,防御型绝技,宝物,0,全职业,性别不限,Level
3623,金刚原石3,防御型绝技,圣物,0,全职业,性别不限,Level
3624,金刚原石4,防御型绝技,神物,0,全职业,性别不限,Level
3625,道术秘籍1,攻击型绝技,普通,0,全职业,性别不限,Level
3626,道术秘籍2,攻击型绝技,宝物,0,全职业,性别不限,Level
3627,道术秘籍3,攻击型绝技,圣物,0,全职业,性别不限,Level
3628,道术秘籍4,攻击型绝技,神物,0,全职业,性别不限,Level
3629,道术之书1,攻击型绝技,普通,0,全职业,性别不限,Level
3630,道术之书2,攻击型绝技,宝物,0,全职业,性别不限,Level
3631,道术之书3,攻击型绝技,圣物,0,全职业,性别不限,Level
3632,道术之书4,攻击型绝技,神物,0,全职业,性别不限,Level
3633,道术神功1,攻击型绝技,普通,0,全职业,性别不限,Level
3634,道术神功2,攻击型绝技,宝物,0,全职业,性别不限,Level
3635,道术神功3,攻击型绝技,圣物,0,全职业,性别不限,Level
3636,道术神功4,攻击型绝技,神物,0,全职业,性别不限,Level
3637,魔力宝丹1,技能型绝技,普通,0,全职业,性别不限,Level
3638,魔力宝丹2,技能型绝技,宝物,0,全职业,性别不限,Level
3639,魔力宝丹3,技能型绝技,圣物,0,全职业,性别不限,Level
3640,魔力宝丹4,技能型绝技,神物,0,全职业,性别不限,Level
3641,魔法秘籍1,攻击型绝技,普通,0,全职业,性别不限,Level
3642,魔法秘籍2,攻击型绝技,宝物,0,全职业,性别不限,Level
3643,魔法秘籍3,攻击型绝技,圣物,0,全职业,性别不限,Level
3644,魔法秘籍4,攻击型绝技,神物,0,全职业,性别不限,Level
3645,魔法之书1,攻击型绝技,普通,0,全职业,性别不限,Level
3646,魔法之书2,攻击型绝技,宝物,0,全职业,性别不限,Level
3647,魔法之书3,攻击型绝技,圣物,0,全职业,性别不限,Level
3648,魔法之书4,攻击型绝技,神物,0,全职业,性别不限,Level
3649,魔法神功1,攻击型绝技,普通,0,全职业,性别不限,Level
3650,魔法神功2,攻击型绝技,宝物,0,全职业,性别不限,Level
3651,魔法神功3,攻击型绝技,圣物,0,全职业,性别不限,Level
3652,魔法神功4,攻击型绝技,神物,0,全职业,性别不限,Level
3653,魔性灵宝丸1,技能型绝技,普通,0,全职业,性别不限,Level
3654,魔性灵宝丸2,技能型绝技,宝物,0,全职业,性别不限,Level
3655,魔性灵宝丸3,技能型绝技,圣物,0,全职业,性别不限,Level
3656,魔性灵宝丸4,技能型绝技,神物,0,全职业,性别不限,Level
3657,魔性还丹1,技能型绝技,普通,0,全职业,性别不限,Level
3658,魔性还丹2,技能型绝技,宝物,0,全职业,性别不限,Level
3659,魔性还丹3,技能型绝技,圣物,0,全职业,性别不限,Level
3660,魔性还丹4,技能型绝技,神物,0,全职业,性别不限,Level
3661,守护结晶1,防御型绝技,普通,0,全职业,性别不限,Level
3662,守护结晶2,防御型绝技,宝物,0,全职业,性别不限,Level
3663,守护结晶3,防御型绝技,圣物,0,全职业,性别不限,Level
3664,守护结晶4,防御型绝技,神物,0,全职业,性别不限,Level
3665,守护原石1,防御型绝技,普通,0,全职业,性别不限,Level
3666,守护原石2,防御型绝技,宝物,0,全职业,性别不限,Level
3667,守护原石3,防御型绝技,圣物,0,全职业,性别不限,Level
3668,守护原石4,防御型绝技,神物,0,全职业,性别不限,Level
3669,体力宝丹1,技能型绝技,普通,0,全职业,性别不限,Level
3670,体力宝丹2,技能型绝技,宝物,0,全职业,性别不限,Level
3671,体力宝丹3,技能型绝技,圣物,0,全职业,性别不限,Level
3672,体力宝丹4,技能型绝技,神物,0,全职业,性别不限,Level
3673,肉体灵宝丸1,技能型绝技,普通,0,全职业,性别不限,Level
3674,肉体灵宝丸2,技能型绝技,宝物,0,全职业,性别不限,Level
3675,肉体灵宝丸3,技能型绝技,圣物,0,全职业,性别不限,Level
3676,肉体灵宝丸4,技能型绝技,神物,0,全职业,性别不限,Level
3677,肉体还丹1,技能型绝技,普通,0,全职业,性别不限,Level
3678,肉体还丹2,技能型绝技,宝物,0,全职业,性别不限,Level
3679,肉体还丹3,技能型绝技,圣物,0,全职业,性别不限,Level
3680,肉体还丹4,技能型绝技,神物,0,全职业,性别不限,Level
3681,除魔结晶1,防御型绝技,普通,0,全职业,性别不限,Level
3682,除魔结晶2,防御型绝技,宝物,0,全职业,性别不限,Level
3683,除魔结晶3,防御型绝技,圣物,0,全职业,性别不限,Level
3684,除魔结晶4,防御型绝技,神物,0,全职业,性别不限,Level
3685,除魔原石1,防御型绝技,普通,0,全职业,性别不限,Level
3686,除魔原石2,防御型绝技,宝物,0,全职业,性别不限,Level
3687,除魔原石3,防御型绝技,圣物,0,全职业,性别不限,Level
3688,除魔原石4,防御型绝技,神物,0,全职业,性别不限,Level
3689,朱雀宝刀1,攻击型绝技,普通,0,全职业,性别不限,Level
3690,朱雀宝刀2,攻击型绝技,宝物,0,全职业,性别不限,Level
3691,朱雀宝刀3,攻击型绝技,圣物,0,全职业,性别不限,Level
3692,朱雀宝刀4,攻击型绝技,神物,0,全职业,性别不限,Level
3693,朱雀之翼1,防御型绝技,普通,0,全职业,性别不限,Level
3694,朱雀之翼2,防御型绝技,宝物,0,全职业,性别不限,Level
3695,朱雀之翼3,防御型绝技,圣物,0,全职业,性别不限,Level
3696,朱雀之翼4,防御型绝技,神物,0,全职业,性别不限,Level
3697,朱雀之泪1,防御型绝技,普通,0,全职业,性别不限,Level
3698,朱雀之泪2,防御型绝技,宝物,0,全职业,性别不限,Level
3699,朱雀之泪3,防御型绝技,圣物,0,全职业,性别不限,Level
3700,朱雀之泪4,防御型绝技,神物,0,全职业,性别不限,Level
3701,朱雀之爪1,攻击型绝技,普通,0,全职业,性别不限,Level
3702,朱雀之爪2,攻击型绝技,宝物,0,全职业,性别不限,Level
3703,朱雀之爪3,攻击型绝技,圣物,0,全职业,性别不限,Level
3704,朱雀之爪4,攻击型绝技,神物,0,全职业,性别不限,Level
3705,朱雀心脏1,攻击型绝技,普通,0,全职业,性别不限,Level
3706,朱雀心脏2,攻击型绝技,宝物,0,全职业,性别不限,Level
3707,朱雀心脏3,攻击型绝技,圣物,0,全职业,性别不限,Level
3708,朱雀心脏4,攻击型绝技,神物,0,全职业,性别不限,Level
3709,朱雀之角1,攻击型绝技,普通,0,全职业,性别不限,Level
3710,朱雀之角2,攻击型绝技,宝物,0,全职业,性别不限,Level
3711,朱雀之角3,攻击型绝技,圣物,0,全职业,性别不限,Level
3712,朱雀之角4,攻击型绝技,神物,0,全职业,性别不限,Level
3713,朱雀血眼1,攻击型绝技,普通,0,全职业,性别不限,Level
3714,朱雀血眼2,攻击型绝技,宝物,0,全职业,性别不限,Level
3715,朱雀血眼3,攻击型绝技,圣物,0,全职业,性别不限,Level
3716,朱雀血眼4,攻击型绝技,神物,0,全职业,性别不限,Level
3717,真气保养丹1,技能型绝技,普通,0,全职业,性别不限,Level
3718,真气保养丹2,技能型绝技,宝物,0,全职业,性别不限,Level
3719,真气保养丹3,技能型绝技,圣物,0,全职业,性别不限,Level
3720,真气保养丹4,技能型绝技,神物,0,全职业,性别不限,Level
3721,集中结晶1,防御型绝技,普通,0,全职业,性别不限,Level
3722,集中结晶2,防御型绝技,宝物,0,全职业,性别不限,Level
3723,集中结晶3,防御型绝技,圣物,0,全职业,性别不限,Level
3724,集中结晶4,防御型绝技,神物,0,全职业,性别不限,Level
3725,破坏秘籍1,攻击型绝技,普通,0,全职业,性别不限,Level
3726,破坏秘籍2,攻击型绝技,宝物,0,全职业,性别不限,Level
3727,破坏秘籍3,攻击型绝技,圣物,0,全职业,性别不限,Level
3728,破坏秘籍4,攻击型绝技,神物,0,全职业,性别不限,Level
3729,破坏之书1,攻击型绝技,普通,0,全职业,性别不限,Level
3730,破坏之书2,攻击型绝技,宝物,0,全职业,性别不限,Level
3731,破坏之书3,攻击型绝技,圣物,0,全职业,性别不限,Level
3732,破坏之书4,攻击型绝技,神物,0,全职业,性别不限,Level
3733,破坏神功1,攻击型绝技,普通,0,全职业,性别不限,Level
3734,破坏神功2,攻击型绝技,宝物,0,全职业,性别不限,Level
3735,破坏神功3,攻击型绝技,圣物,0,全职业,性别不限,Level
3736,破坏神功4,攻击型绝技,神物,0,全职业,性别不限,Level
3737,回避原石1,防御型绝技,普通,0,全职业,性别不限,Level
3738,回避原石2,防御型绝技,宝物,0,全职业,性别不限,Level
3739,回避原石3,防御型绝技,圣物,0,全职业,性别不限,Level
3740,回避原石4,防御型绝技,神物,0,全职业,性别不限,Level
3741,被偷的礼物袋,杂物,普通,0,全职业,性别不限,Level
3742,新4511(金),杂物,None,0,全职业,性别不限,Level
3743,新4512(金),杂物,None,0,全职业,性别不限,Level
3744,新4513(金),杂物,None,0,全职业,性别不限,Level
3745,新4514(金),杂物,None,0,全职业,性别不限,Level
3746,宝箱4520,杂物,None,0,全职业,性别不限,Level
3747,宝箱4521(金),杂物,None,0,全职业,性别不限,Level
3748,宝箱4522(金),杂物,None,0,全职业,性别不限,Level
3749,宝箱4523(金),杂物,None,0,全职业,性别不限,Level
3750,未知奖励宝箱,特殊消耗品,普通,0,全职业,性别不限,Level
3751,新4525(金),杂物,None,0,全职业,性别不限,Level
3752,新4530(金),杂物,None,0,全职业,性别不限,Level
3753,新4532(金),杂物,None,0,全职业,性别不限,Level
3754,新4533(金),杂物,None,0,全职业,性别不限,Level
3755,新4534(金),杂物,None,0,全职业,性别不限,Level
3756,新4540(金),杂物,None,0,全职业,性别不限,Level
3757,暗黑水晶,杂物,圣物,0,全职业,性别不限,Level
3758,新4542(金),杂物,None,0,全职业,性别不限,Level
3759,新4543(金),杂物,None,0,全职业,性别不限,Level
3760,新4550(金),杂物,None,0,全职业,性别不限,Level
3761,新4551(金),杂物,None,0,全职业,性别不限,Level
3762,新4552(金),杂物,None,0,全职业,性别不限,Level
3763,黑暗封印罐1,工艺材料,普通,0,全职业,性别不限,Level
3764,黑暗封印罐2,工艺材料,普通,0,全职业,性别不限,Level
3765,黑暗封印罐3,工艺材料,普通,0,全职业,性别不限,Level
3766,黑暗封印罐4,工艺材料,普通,0,全职业,性别不限,Level
3767,黑暗封印罐5,工艺材料,普通,0,全职业,性别不限,Level
3768,暗黑回归卷,特殊消耗品,普通,60,全职业,性别不限,Level
3769,黑暗之心,工艺材料,普通,0,全职业,性别不限,Level
3770,时空碎片,工艺材料,普通,0,全职业,性别不限,Level
3771,暗黑晶片,工艺材料,普通,0,全职业,性别不限,Level
3772,古代宗师的遗物,工艺材料,普通,0,全职业,性别不限,Level
3773,昆仑战斗箱,工艺材料,普通,0,全职业,性别不限,Level
3774,摩鲁的药剂(赤),特殊消耗品,普通,0,全职业,性别不限,Level
3775,摩鲁的药剂(青),特殊消耗品,普通,0,全职业,性别不限,Level
3776,摩鲁的药剂(黄),特殊消耗品,普通,0,全职业,性别不限,Level
3777,英雄陵寝副本重置卷,杂物,普通,0,全职业,性别不限,Level
3778,嘉文的护符,杂物,普通,0,全职业,性别不限,Level
3779,古代宗师祝福,特殊消耗品,普通,0,全职业,性别不限,Level
3780,黄金古代宗师的祝福,特殊消耗品,普通,0,全职业,性别不限,Level
3781,新4590(金),杂物,None,0,全职业,性别不限,Level
3782,新4591(金),杂物,None,0,全职业,性别不限,Level
3783,新4592(金),杂物,None,0,全职业,性别不限,Level
3784,新4593(金),杂物,None,0,全职业,性别不限,Level
3785,新4594(金),杂物,None,0,全职业,性别不限,Level
3786,新4610(金),杂物,None,0,全职业,性别不限,Level
3787,新4611(金),杂物,None,0,全职业,性别不限,Level
3788,新4612(金),杂物,None,0,全职业,性别不限,Level
3789,新4613(金),杂物,None,0,全职业,性别不限,Level
3790,新4614(金),杂物,None,0,全职业,性别不限,Level
3791,新4615(金),杂物,None,0,全职业,性别不限,Level
3792,新4616(金),杂物,None,0,全职业,性别不限,Level
3793,新4617(金),杂物,None,0,全职业,性别不限,Level
3794,新4618(金),杂物,None,0,全职业,性别不限,Level
3795,新4619(金),杂物,None,0,全职业,性别不限,Level
3796,新4630(金),杂物,None,0,全职业,性别不限,Level
3797,新4631(金),杂物,None,0,全职业,性别不限,Level
3798,新4632(金),杂物,None,0,全职业,性别不限,Level
3799,新4633(金),杂物,None,0,全职业,性别不限,Level
3800,新4634(金),杂物,None,0,全职业,性别不限,Level
3801,新4635(金),杂物,None,0,全职业,性别不限,Level
3802,新4636(金),杂物,None,0,全职业,性别不限,Level
3803,新4637(金),杂物,None,0,全职业,性别不限,Level
3804,昆仑龙极甲(男),盔甲,神物,60,全职业,男性,Level
3805,昆仑龙极甲(男)01,盔甲,神物,60,战士,男性,Level
3806,昆仑龙极甲(男)02,盔甲,神物,60,法师,男性,Level
3807,昆仑龙极甲(男)03,盔甲,神物,60,道士,男性,Level
3808,昆仑龙极甲(男)04,盔甲,神物,60,刺客,男性,Level
3809,昆仑龙极甲(男)05,盔甲,神物,60,弓箭,男性,Level
3810,昆仑龙极甲(男)11,盔甲,神物,60,战士,男性,Level
3811,昆仑龙极甲(男)12,盔甲,神物,60,法师,男性,Level
3812,昆仑龙极甲(男)13,盔甲,神物,60,道士,男性,Level
3813,昆仑龙极甲(男)14,盔甲,神物,60,刺客,男性,Level
3814,昆仑龙极甲(男)15,盔甲,神物,60,弓箭,男性,Level
3815,昆仑龙极衣(女),盔甲,神物,60,全职业,女性,Level
3816,昆仑龙极衣(女)01,盔甲,神物,60,战士,女性,Level
3817,昆仑龙极衣(女)02,盔甲,神物,60,法师,女性,Level
3818,昆仑龙极衣(女)03,盔甲,神物,60,道士,女性,Level
3819,昆仑龙极衣(女)04,盔甲,神物,60,刺客,女性,Level
3820,昆仑龙极衣(女)05,盔甲,神物,60,弓箭,女性,Level
3821,昆仑龙极衣(女)11,盔甲,神物,60,战士,女性,Level
3822,昆仑龙极衣(女)12,盔甲,神物,60,法师,女性,Level
3823,昆仑龙极衣(女)13,盔甲,神物,60,道士,女性,Level
3824,昆仑龙极衣(女)14,盔甲,神物,60,刺客,女性,Level
3825,昆仑龙极衣(女)15,盔甲,神物,60,弓箭,女性,Level
3826,昆仑镇魔头盔,头盔,神物,60,全职业,性别不限,Level
3827,昆仑镇魔头盔01,头盔,神物,60,战士,性别不限,Level
3828,昆仑镇魔头盔02,头盔,神物,60,法师,性别不限,Level
3829,昆仑镇魔头盔03,头盔,神物,60,道士,性别不限,Level
3830,昆仑镇魔头盔04,头盔,神物,60,刺客,性别不限,Level
3831,昆仑镇魔头盔05,头盔,神物,60,弓箭,性别不限,Level
3832,昆仑镇魔头盔11,头盔,神物,60,战士,性别不限,Level
3833,昆仑镇魔头盔12,头盔,神物,60,法师,性别不限,Level
3834,昆仑镇魔头盔13,头盔,神物,60,道士,性别不限,Level
3835,昆仑镇魔头盔14,头盔,神物,60,刺客,性别不限,Level
3836,昆仑镇魔头盔15,头盔,神物,60,弓箭,性别不限,Level
3837,昆仑镇魔头盔21,头盔,神物,60,战士,性别不限,Level
3838,昆仑镇魔头盔22,头盔,神物,60,法师,性别不限,Level
3839,昆仑镇魔头盔23,头盔,神物,60,道士,性别不限,Level
3840,昆仑镇魔头盔24,头盔,神物,60,刺客,性别不限,Level
3841,昆仑镇魔头盔25,头盔,神物,60,弓箭,性别不限,Level
3842,昆仑灵玉项链,项链,神物,60,全职业,性别不限,Level
3843,昆仑灵玉项链01,项链,神物,60,战士,性别不限,Level
3844,昆仑灵玉项链02,项链,神物,60,法师,性别不限,Level
3845,昆仑灵玉项链03,项链,神物,60,道士,性别不限,Level
3846,昆仑灵玉项链04,项链,神物,60,刺客,性别不限,Level
3847,昆仑灵玉项链05,项链,神物,60,弓箭,性别不限,Level
3848,昆仑灵玉项链11,项链,神物,60,战士,性别不限,Level
3849,昆仑灵玉项链12,项链,神物,60,法师,性别不限,Level
3850,昆仑灵玉项链13,项链,神物,60,道士,性别不限,Level
3851,昆仑灵玉项链14,项链,神物,60,刺客,性别不限,Level
3852,昆仑灵玉项链15,项链,神物,60,弓箭,性别不限,Level
3853,昆仑灵玉项链21,项链,神物,60,战士,性别不限,Level
3854,昆仑灵玉项链22,项链,神物,60,法师,性别不限,Level
3855,昆仑灵玉项链23,项链,神物,60,道士,性别不限,Level
3856,昆仑灵玉项链24,项链,神物,60,刺客,性别不限,Level
3857,昆仑灵玉项链25,项链,神物,60,弓箭,性别不限,Level
3858,昆仑破杀手镯,手镯,神物,60,全职业,性别不限,Level
3859,昆仑破杀手镯01,手镯,神物,60,战士,性别不限,Level
3860,昆仑破杀手镯02,手镯,神物,60,法师,性别不限,Level
3861,昆仑破杀手镯03,手镯,神物,60,道士,性别不限,Level
3862,昆仑破杀手镯04,手镯,神物,60,刺客,性别不限,Level
3863,昆仑破杀手镯05,手镯,神物,60,弓箭,性别不限,Level
3864,昆仑破杀手镯11,手镯,神物,60,战士,性别不限,Level
3865,昆仑破杀手镯12,手镯,神物,60,法师,性别不限,Level
3866,昆仑破杀手镯13,手镯,神物,60,道士,性别不限,Level
3867,昆仑破杀手镯14,手镯,神物,60,刺客,性别不限,Level
3868,昆仑破杀手镯15,手镯,神物,60,弓箭,性别不限,Level
3869,昆仑破杀手镯21,手镯,神物,60,战士,性别不限,Level
3870,昆仑破杀手镯22,手镯,神物,60,法师,性别不限,Level
3871,昆仑破杀手镯23,手镯,神物,60,道士,性别不限,Level
3872,昆仑破杀手镯24,手镯,神物,60,刺客,性别不限,Level
3873,昆仑破杀手镯25,手镯,神物,60,弓箭,性别不限,Level
3874,昆仑灵玉戒指,戒指,神物,60,全职业,性别不限,Level
3875,昆仑灵玉戒指11,戒指,神物,60,战士,性别不限,Level
3876,昆仑灵玉戒指12,戒指,神物,60,法师,性别不限,Level
3877,昆仑灵玉戒指13,戒指,神物,60,道士,性别不限,Level
3878,昆仑灵玉戒指14,戒指,神物,60,刺客,性别不限,Level
3879,昆仑灵玉戒指15,戒指,神物,60,弓箭,性别不限,Level
3880,昆仑灵玉戒指21,戒指,神物,60,战士,性别不限,Level
3881,昆仑灵玉戒指22,戒指,神物,60,法师,性别不限,Level
3882,昆仑灵玉戒指23,戒指,神物,60,道士,性别不限,Level
3883,昆仑灵玉戒指24,戒指,神物,60,刺客,性别不限,Level
3884,昆仑灵玉戒指25,戒指,神物,60,弓箭,性别不限,Level
3885,昆仑破杀腰带,腰带,神物,60,全职业,性别不限,Level
3886,昆仑破杀腰带01,腰带,神物,60,战士,性别不限,Level
3887,昆仑破杀腰带02,腰带,神物,60,法师,性别不限,Level
3888,昆仑破杀腰带03,腰带,神物,60,道士,性别不限,Level
3889,昆仑破杀腰带04,腰带,神物,60,刺客,性别不限,Level
3890,昆仑破杀腰带05,腰带,神物,60,弓箭,性别不限,Level
3891,昆仑破杀腰带11,腰带,神物,60,战士,性别不限,Level
3892,昆仑破杀腰带12,腰带,神物,60,法师,性别不限,Level
3893,昆仑破杀腰带13,腰带,神物,60,道士,性别不限,Level
3894,昆仑破杀腰带14,腰带,神物,60,刺客,性别不限,Level
3895,昆仑破杀腰带15,腰带,神物,60,弓箭,性别不限,Level
3896,昆仑破杀腰带21,腰带,神物,60,战士,性别不限,Level
3897,昆仑破杀腰带22,腰带,神物,60,法师,性别不限,Level
3898,昆仑破杀腰带23,腰带,神物,60,道士,性别不限,Level
3899,昆仑破杀腰带24,腰带,神物,60,刺客,性别不限,Level
3900,昆仑破杀腰带25,腰带,神物,60,弓箭,性别不限,Level
3901,昆仑镇魔靴,靴子,神物,60,全职业,性别不限,Level
3902,昆仑镇魔靴01,靴子,神物,60,战士,性别不限,Level
3903,昆仑镇魔靴02,靴子,神物,60,法师,性别不限,Level
3904,昆仑镇魔靴03,靴子,神物,60,道士,性别不限,Level
3905,昆仑镇魔靴04,靴子,神物,60,刺客,性别不限,Level
3906,昆仑镇魔靴05,靴子,神物,60,弓箭,性别不限,Level
3907,昆仑镇魔靴11,靴子,神物,60,战士,性别不限,Level
3908,昆仑镇魔靴12,靴子,神物,60,法师,性别不限,Level
3909,昆仑镇魔靴13,靴子,神物,60,道士,性别不限,Level
3910,昆仑镇魔靴14,靴子,神物,60,刺客,性别不限,Level
3911,昆仑镇魔靴15,靴子,神物,60,弓箭,性别不限,Level
3912,昆仑镇魔靴21,靴子,神物,60,战士,性别不限,Level
3913,昆仑镇魔靴22,靴子,神物,60,法师,性别不限,Level
3914,昆仑镇魔靴23,靴子,神物,60,道士,性别不限,Level
3915,昆仑镇魔靴24,靴子,神物,60,刺客,性别不限,Level
3916,昆仑镇魔靴25,靴子,神物,60,弓箭,性别不限,Level
3917,昆仑伏魔天神剑,武器,神物,60,全职业,性别不限,Level
3918,武器5131,武器,神物,60,全职业,性别不限,Level
3919,武器5132,武器,神物,60,全职业,性别不限,Level
3920,昆仑伏魔天神弓,武器,神物,60,弓箭,性别不限,Level
3921,武器5141,武器,神物,60,弓箭,性别不限,Level
3922,武器5142,武器,神物,60,弓箭,性别不限,Level
3923,昆仑伏魔天神刀,武器,神物,60,刺客,性别不限,Level
3924,武器5151,武器,神物,60,刺客,性别不限,Level
3925,武器5152,武器,神物,60,刺客,性别不限,Level
3926,药丸007(金),药水,普通,0,全职业,性别不限,Level
3927,药丸008(金),药水,普通,0,全职业,性别不限,Level
3928,红药瓶009(金),药水,普通,0,全职业,性别不限,Level
3929,大红瓶010(金),药水,普通,0,全职业,性别不限,Level
3930,蓝药瓶011(金),药水,普通,0,全职业,性别不限,Level
3931,祝福瓶012(金),药水,普通,0,全职业,性别不限,Level
3932,药品015(金),药水,普通,0,全职业,性别不限,Level
3933,药丸022,药水,普通,0,全职业,性别不限,Level
3934,药水023,药水,普通,0,全职业,性别不限,Level
3935,药水024,药水,普通,0,全职业,性别不限,Level
3936,药水025,药水,普通,0,全职业,性别不限,Level
3937,毒蜘蛛牙齿,工艺材料,普通,0,全职业,性别不限,Level
3938,蝎子尾巴,工艺材料,普通,0,全职业,性别不限,Level
3939,食人花树叶,工艺材料,普通,0,全职业,性别不限,Level
3940,生存手镯,手镯,神物,33,全职业,性别不限,Level
3941,钢丝,工艺材料,None,0,全职业,性别不限,Level
3942,材料1230(金),杂物,None,0,全职业,性别不限,Level
3943,玄天重生石,工艺材料,宝物,0,全职业,性别不限,Level
3944,玄天魔石,工艺材料,普通,0,全职业,性别不限,Level
3945,断裂的镣铐,工艺材料,普通,0,全职业,性别不限,Level
3946,破损的伐木斧,工艺材料,普通,0,全职业,性别不限,Level
3947,崭新的伐木斧,工艺材料,普通,0,全职业,性别不限,Level
3948,矿工的护目镜,杂物,None,0,全职业,性别不限,Level
3949,断裂的铁钩,工艺材料,普通,0,全职业,性别不限,Level
3950,生锈的螺栓,工艺材料,普通,0,全职业,性别不限,Level
3951,监视者的凝视,工艺材料,普通,0,全职业,性别不限,Level
3952,破损的炮管,工艺材料,普通,0,全职业,性别不限,Level
3953,被石化的魔心,工艺材料,普通,0,全职业,性别不限,Level
3954,材料1500(金),杂物,None,0,全职业,性别不限,Level
3955,材料1501(金),杂物,None,0,全职业,性别不限,Level
3956,材料1502(金),杂物,None,0,全职业,性别不限,Level
3957,材料1503(金),杂物,None,0,全职业,性别不限,Level
3958,材料1504(金),杂物,None,0,全职业,性别不限,Level
3959,材料1505(金),杂物,None,0,全职业,性别不限,Level
3960,材料1506(金),杂物,None,0,全职业,性别不限,Level
3961,材料1507(金),杂物,None,0,全职业,性别不限,Level
3962,材料1900(金),杂物,None,0,全职业,性别不限,Level
3963,礼1980盒,特殊消耗品,普通,0,全职业,性别不限,Level
3964,礼1986盒,特殊消耗品,普通,0,全职业,性别不限,Level
3965,物品2160(金),任务物品,普通,0,全职业,性别不限,Level
3966,物品2161(金),任务物品,普通,0,全职业,性别不限,Level
3967,物品2162(金),任务物品,普通,0,全职业,性别不限,Level
3968,物品2163(金),任务物品,普通,0,全职业,性别不限,Level
3969,物品2164(金),任务物品,普通,0,全职业,性别不限,Level
3970,物品2190(金),任务物品,普通,0,全职业,性别不限,Level
3971,物品2191(金),任务物品,普通,0,全职业,性别不限,Level
3972,物品2192(金),任务物品,普通,0,全职业,性别不限,Level
3973,物品2193(金),任务物品,普通,0,全职业,性别不限,Level
3974,物品2194(金),任务物品,普通,0,全职业,性别不限,Level
3975,物品2222(金),任务物品,普通,0,全职业,性别不限,Level
3976,物品2223(金),任务物品,普通,0,全职业,性别不限,Level
3977,材料2905(金),杂物,None,0,全职业,性别不限,Level
3978,材料2906(金),杂物,None,0,全职业,性别不限,Level
3979,药品3160(金),杂物,None,0,全职业,性别不限,Level
3980,材料3160(药),杂物,None,0,全职业,性别不限,Level
3981,材料3162(金),杂物,None,0,全职业,性别不限,Level
3982,材料3163(金),杂物,None,0,全职业,性别不限,Level
3983,材料3164(金),杂物,None,0,全职业,性别不限,Level
3984,材料3165(金),杂物,None,0,全职业,性别不限,Level
3985,材料3166(金),杂物,None,0,全职业,性别不限,Level
3986,材料3167(金),杂物,None,0,全职业,性别不限,Level
3987,材料3168(金),杂物,None,0,全职业,性别不限,Level
3988,材料3169(金),杂物,None,0,全职业,性别不限,Level
3989,材料3170(金),杂物,None,0,全职业,性别不限,Level
3990,材料3171(金),杂物,None,0,全职业,性别不限,Level
3991,材料3172(金),杂物,None,0,全职业,性别不限,Level
3992,麒麟兽,坐骑,圣物,1,全职业,性别不限,Level
3993,螃蟹坐骑,坐骑,圣物,1,全职业,性别不限,Level
3994,乌龟坐骑,坐骑,圣物,1,全职业,性别不限,Level
3995,吸魔炎风,技能书,普通,90,法师,性别不限,Level
3996,血龙兽,技能书,普通,45,道士,性别不限,Level
3997,万效符,技能书,普通,90,道士,性别不限,Level
3998,影华连击,技能书,普通,90,刺客,性别不限,Level
3999,落雷杀,技能书,普通,90,弓箭,性别不限,Level
4000,材料3690(金),杂物,None,0,全职业,性别不限,Level
4001,材料3692(金),杂物,None,0,全职业,性别不限,Level
4002,材料3693(金),杂物,None,0,全职业,性别不限,Level
4003,材料3694(金),杂物,None,0,全职业,性别不限,Level
4004,材料3695(金),杂物,None,0,全职业,性别不限,Level
4005,材料3696(金),杂物,None,0,全职业,性别不限,Level
4006,材料3697(金),杂物,None,0,全职业,性别不限,Level
4007,材料3698(金),杂物,None,0,全职业,性别不限,Level
4008,药水3703(金),杂物,None,0,全职业,性别不限,Level
4009,药水3704(金),杂物,None,0,全职业,性别不限,Level
4010,药水3705(金),杂物,None,0,全职业,性别不限,Level
4011,蒙面女刀客,外形物品,普通,0,全职业,性别不限,Level
4012,赤马装,外形物品,普通,0,全职业,性别不限,Level
4013,蛇宝宝,灵物,宝物,35,全职业,性别不限,Level
4014,新3804(金),杂物,None,0,全职业,性别不限,Level
4015,新3805(金),杂物,None,0,全职业,性别不限,Level
4016,新3806(金),杂物,None,0,全职业,性别不限,Level
4017,新3980(金),杂物,None,0,全职业,性别不限,Level
4018,新3981(金),杂物,None,0,全职业,性别不限,Level
4019,新3982(金),杂物,None,0,全职业,性别不限,Level
4020,新3983(金),杂物,None,0,全职业,性别不限,Level
4021,新4080(金),杂物,None,0,全职业,性别不限,Level
4022,新4081(金),杂物,None,0,全职业,性别不限,Level
4023,新4082(金),杂物,None,0,全职业,性别不限,Level
4024,新4083(金),杂物,None,0,全职业,性别不限,Level
4025,新4084(金),杂物,None,0,全职业,性别不限,Level
4026,新4085(金),杂物,None,0,全职业,性别不限,Level
4027,新4086(金),杂物,None,0,全职业,性别不限,Level
4028,材料4172(金),杂物,None,0,全职业,性别不限,Level
4029,材料4173(金),杂物,None,0,全职业,性别不限,Level
4030,血龙兽-秘籍,技能书,圣物,95,道士,性别不限,Level
4031,万效符-秘籍,技能书,圣物,100,道士,性别不限,Level
4032,落雷杀-秘籍,技能书,圣物,100,弓箭,性别不限,Level
4033,气流术-秘籍,技能书,圣物,95,弓箭,性别不限,Level
4034,强击-秘籍,技能书,圣物,95,法师,性别不限,Level
4035,吸魔炎风-秘籍,技能书,圣物,100,法师,性别不限,Level
4036,月华乱舞-秘籍,技能书,圣物,95,刺客,性别不限,Level
4037,影华连击-秘籍,技能书,圣物,100,刺客,性别不限,Level
4038,材料4311(金),杂物,None,0,全职业,性别不限,Level
4039,材料4312(金),杂物,None,0,全职业,性别不限,Level
4040,材料4595(金),杂物,None,0,全职业,性别不限,Level
4041,剧毒的精髓,工艺材料,宝物,0,全职业,性别不限,Level
4042,材料4640(金),杂物,None,0,全职业,性别不限,Level
4043,玄天光源,特殊消耗品,宝物,0,全职业,性别不限,Level
4044,玄天灵魂石,工艺材料,普通,0,全职业,性别不限,Level
4045,玄天灵魂石碎片,工艺材料,普通,0,全职业,性别不限,Level
4046,材料4644(金),杂物,None,0,全职业,性别不限,Level
4047,玄天月战斧,武器,神物,60,战士,性别不限,Level
4048,玄天月法杖,武器,神物,60,法师,性别不限,Level
4049,玄天月牙剑,武器,神物,60,道士,性别不限,Level
4050,玄天月魔刀,武器,神物,60,刺客,性别不限,Level
4051,玄天月魔弓,武器,神物,60,弓箭,性别不限,Level
4052,材料4680(金),杂物,None,0,全职业,性别不限,Level
4053,材料4681(金),杂物,None,0,全职业,性别不限,Level
4054,材料4682(金),杂物,None,0,全职业,性别不限,Level
4055,材料4683(金),杂物,None,0,全职业,性别不限,Level
4056,材料4684(金),杂物,None,0,全职业,性别不限,Level
4057,材料4690(金),杂物,None,0,全职业,性别不限,Level
4058,材料4691(金),杂物,None,0,全职业,性别不限,Level
4059,材料4692(金),杂物,None,0,全职业,性别不限,Level
4060,材料4693(金),杂物,None,0,全职业,性别不限,Level
4061,材料4710(金),杂物,None,0,全职业,性别不限,Level
4062,白龙的气息,工艺材料,普通,0,全职业,性别不限,Level
4063,材料4712(金),杂物,None,0,全职业,性别不限,Level
4064,材料4713(金),杂物,None,0,全职业,性别不限,Level
4065,材料4714(金),杂物,None,0,全职业,性别不限,Level
4066,材料4715(金),杂物,None,0,全职业,性别不限,Level
4067,材料4716(金),杂物,None,0,全职业,性别不限,Level
4068,材料4717(金),杂物,None,0,全职业,性别不限,Level
4069,材料4718(金),杂物,None,0,全职业,性别不限,Level
4070,白龙天坠(勇猛)2,项链,神物,65,战士,性别不限,Level
4071,白龙天坠(魔性)2,项链,神物,65,法师,性别不限,Level
4072,白龙天坠(仙界)2,项链,神物,65,道士,性别不限,Level
4073,白龙天坠(机敏)2,项链,神物,65,刺客,性别不限,Level
4074,白龙天坠(神风)2,项链,神物,65,弓箭,性别不限,Level
4075,白龙昇天(勇猛)2,手镯,神物,65,战士,性别不限,Level
4076,白龙昇天(魔性)2,手镯,神物,65,法师,性别不限,Level
4077,白龙昇天(仙界)2,手镯,神物,65,道士,性别不限,Level
4078,白龙昇天(机敏)2,手镯,神物,65,刺客,性别不限,Level
4079,白龙昇天(神风)2,手镯,神物,65,弓箭,性别不限,Level
4080,白龙眼(勇猛)2,戒指,神物,65,战士,性别不限,Level
4081,白龙眼(魔性)2,戒指,神物,65,法师,性别不限,Level
4082,白龙眼(仙界)2,戒指,神物,65,道士,性别不限,Level
4083,白龙眼(机敏)2,戒指,神物,65,刺客,性别不限,Level
4084,白龙眼(神风)2,戒指,神物,65,弓箭,性别不限,Level
4085,白龙潭召唤书,杂物,普通,0,全职业,性别不限,Level
4086,无情守则卷,杂物,普通,0,全职业,性别不限,Level
4087,行为净化石,杂物,普通,0,全职业,性别不限,Level
4088,白龙隐身卷,杂物,普通,0,全职业,性别不限,Level
4089,白龙潭传送卷,特殊消耗品,普通,0,全职业,性别不限,Level
4090,龙舌兰(冰),工艺材料,普通,0,全职业,性别不限,Level
4091,鱼人邓地图,任务物品,普通,0,全职业,性别不限,Level
4092,材料4750(金),杂物,None,0,全职业,性别不限,Level
4093,材料4751(金),杂物,None,0,全职业,性别不限,Level
4094,材料4752(金),杂物,None,0,全职业,性别不限,Level
4095,材料4753(金),杂物,None,0,全职业,性别不限,Level
4096,材料4754(金),杂物,None,0,全职业,性别不限,Level
4097,材料4755(金),杂物,None,0,全职业,性别不限,Level
4098,材料4756(金),杂物,None,0,全职业,性别不限,Level
4099,材料4757(金),杂物,None,0,全职业,性别不限,Level
4100,材料4760(金),杂物,None,0,全职业,性别不限,Level
4101,材料4761(金),杂物,None,0,全职业,性别不限,Level
4102,材料4762(金),杂物,None,0,全职业,性别不限,Level
4103,材料4763(金),杂物,None,0,全职业,性别不限,Level
4104,材料4764(金),杂物,None,0,全职业,性别不限,Level
4105,材料4765(金),杂物,None,0,全职业,性别不限,Level
4106,材料4766(金),杂物,None,0,全职业,性别不限,Level
4107,材料4767(金),杂物,None,0,全职业,性别不限,Level
4108,材料4768(金),杂物,None,0,全职业,性别不限,Level
4109,材料4769(金),杂物,None,0,全职业,性别不限,Level
4110,材料4770(金),杂物,None,0,全职业,性别不限,Level
4111,材料4771(金),杂物,None,0,全职业,性别不限,Level
4112,材料4772(金),杂物,None,0,全职业,性别不限,Level
4113,材料4773(金),杂物,None,0,全职业,性别不限,Level
4114,复仇冰泪,工艺材料,普通,0,全职业,性别不限,Level
4115,材料4775(金),杂物,None,0,全职业,性别不限,Level
4116,材料4777(金),杂物,None,0,全职业,性别不限,Level
4117,材料5000(金),杂物,None,0,全职业,性别不限,Level
4118,材料5001(金),杂物,None,0,全职业,性别不限,Level
4119,材料5002(金),杂物,None,0,全职业,性别不限,Level
4120,材料5003(金),杂物,None,0,全职业,性别不限,Level
4121,材料5004(金),杂物,None,0,全职业,性别不限,Level
4122,材料5005(金),杂物,None,0,全职业,性别不限,Level
4123,材料5006(金),杂物,None,0,全职业,性别不限,Level
4124,材料5007(金),杂物,None,0,全职业,性别不限,Level
4125,材料5008(金),杂物,None,0,全职业,性别不限,Level
4126,材料5009(金),杂物,None,0,全职业,性别不限,Level
4127,材料5010(金),杂物,None,0,全职业,性别不限,Level
4128,材料5011(金),杂物,None,0,全职业,性别不限,Level
4129,材料5012(金),杂物,None,0,全职业,性别不限,Level
4130,材料5013(金),杂物,None,0,全职业,性别不限,Level
4131,材料5014(金),杂物,None,0,全职业,性别不限,Level
4132,材料5015(金),杂物,None,0,全职业,性别不限,Level
4133,材料5016(金),杂物,None,0,全职业,性别不限,Level
4134,材料5017(金),杂物,None,0,全职业,性别不限,Level
4135,材料5018(金),杂物,None,0,全职业,性别不限,Level
4136,材料5019(金),杂物,None,0,全职业,性别不限,Level
4137,材料5020(金),杂物,None,0,全职业,性别不限,Level
4138,材料5021(金),杂物,None,0,全职业,性别不限,Level
4139,材料5022(金),杂物,None,0,全职业,性别不限,Level
4140,材料5023(金),杂物,None,0,全职业,性别不限,Level
4141,材料5024(金),杂物,None,0,全职业,性别不限,Level
4142,材料5025(金),杂物,None,0,全职业,性别不限,Level
4143,昆仑伏魔天神剑01,武器,圣物,60,战士,性别不限,Level
4144,昆仑伏魔天神剑02,武器,圣物,60,法师,性别不限,Level
4145,昆仑伏魔天神剑03,武器,圣物,60,道士,性别不限,Level
4146,昆仑伏魔天神剑11,武器,神物,60,战士,性别不限,Level
4147,昆仑伏魔天神剑12,武器,神物,60,法师,性别不限,Level
4148,昆仑伏魔天神剑13,武器,神物,60,道士,性别不限,Level
4149,昆仑伏魔天神剑21,武器,神物,60,战士,性别不限,Level
4150,昆仑伏魔天神剑22,武器,神物,60,法师,性别不限,Level
4151,昆仑伏魔天神剑23,武器,神物,60,道士,性别不限,Level
4152,昆仑伏魔天神弓01,武器,圣物,60,弓箭,性别不限,Level
4153,昆仑伏魔天神弓11,武器,神物,60,弓箭,性别不限,Level
4154,昆仑伏魔天神弓21,武器,神物,60,弓箭,性别不限,Level
4155,昆仑伏魔天神刀01,武器,圣物,60,刺客,性别不限,Level
4156,昆仑伏魔天神刀11,武器,神物,60,刺客,性别不限,Level
4157,昆仑伏魔天神刀21,武器,神物,60,刺客,性别不限,Level
4158,材料5170(金),杂物,普通,0,全职业,性别不限,Level
4159,材料5171(金),杂物,普通,0,全职业,性别不限,Level
4160,材料5180(金),杂物,普通,0,全职业,性别不限,Level
4161,材料5181(金),杂物,普通,0,全职业,性别不限,Level
4162,材料5190(金),杂物,普通,0,全职业,性别不限,Level
4163,材料5191(金),杂物,普通,0,全职业,性别不限,Level
4164,材料5220(金),杂物,普通,0,全职业,性别不限,Level
4165,破天的号角,杂物,普通,0,全职业,性别不限,Level
4166,材料5222(金),杂物,普通,0,全职业,性别不限,Level
4167,材料5223(金),杂物,普通,0,全职业,性别不限,Level
4168,地狱的矿物,杂物,普通,0,全职业,性别不限,Level
4169,材料5225(金),杂物,普通,0,全职业,性别不限,Level
4170,材料5226(金),杂物,普通,0,全职业,性别不限,Level
4171,破天的决定5,杂物,宝物,0,全职业,性别不限,Level
4172,破天的决定6,杂物,圣物,0,全职业,性别不限,Level
4173,破天的决定7,杂物,神物,0,全职业,性别不限,Level
4174,破天的决定3,杂物,普通,0,全职业,性别不限,Level
4175,破天的魔力碎片,杂物,普通,0,全职业,性别不限,Level
4176,破天的核心,特殊消耗品,宝物,0,全职业,性别不限,Level
4177,材料5233(金),杂物,普通,0,全职业,性别不限,Level
4178,材料5234(金),杂物,普通,0,全职业,性别不限,Level
4179,材料5235(金),杂物,普通,0,全职业,性别不限,Level
4180,材料5236(金),杂物,普通,0,全职业,性别不限,Level
4181,材料5237(金),杂物,普通,0,全职业,性别不限,Level
4182,材料5251(金),杂物,普通,0,全职业,性别不限,Level
4183,材料5252(金),杂物,普通,0,全职业,性别不限,Level
4184,材料5253(金),杂物,普通,0,全职业,性别不限,Level
4185,材料5254(金),杂物,普通,0,全职业,性别不限,Level
4186,材料5255(金),杂物,普通,0,全职业,性别不限,Level
4187,材料5256(金),杂物,普通,0,全职业,性别不限,Level
4188,材料5257(金),杂物,普通,0,全职业,性别不限,Level
4189,材料5258(金),杂物,普通,0,全职业,性别不限,Level
4190,材料5261(金),杂物,普通,0,全职业,性别不限,Level
4191,材料5262(金),杂物,普通,0,全职业,性别不限,Level
4192,材料5263(金),杂物,普通,0,全职业,性别不限,Level
4193,材料5264(金),杂物,普通,0,全职业,性别不限,Level
4194,材料5265(金),杂物,普通,0,全职业,性别不限,Level
4195,材料5266(金),杂物,普通,0,全职业,性别不限,Level
4196,材料5267(金),杂物,普通,0,全职业,性别不限,Level
4197,材料5268(金),杂物,普通,0,全职业,性别不限,Level
4198,材料5271(金),杂物,普通,0,全职业,性别不限,Level
4199,材料5272(金),杂物,普通,0,全职业,性别不限,Level
4200,材料5273(金),杂物,普通,0,全职业,性别不限,Level
4201,材料5274(金),杂物,普通,0,全职业,性别不限,Level
4202,材料5275(金),杂物,普通,0,全职业,性别不限,Level
4203,材料5276(金),杂物,普通,0,全职业,性别不限,Level
4204,材料5277(金),杂物,普通,0,全职业,性别不限,Level
4205,材料5278(金),杂物,普通,0,全职业,性别不限,Level
4206,材料5291(金),杂物,普通,0,全职业,性别不限,Level
4207,材料5292(金),杂物,普通,0,全职业,性别不限,Level
4208,材料5293(金),杂物,普通,0,全职业,性别不限,Level
4209,材料5294(金),杂物,普通,0,全职业,性别不限,Level
4210,材料5295(金),杂物,普通,0,全职业,性别不限,Level
4211,材料5296(金),杂物,普通,0,全职业,性别不限,Level
4212,材料5297(金),杂物,普通,0,全职业,性别不限,Level
4213,材料5298(金),杂物,普通,0,全职业,性别不限,Level
4214,材料5299(金),杂物,普通,0,全职业,性别不限,Level
4215,材料5300(金),杂物,普通,0,全职业,性别不限,Level
4216,材料5301(金),杂物,普通,0,全职业,性别不限,Level
4217,材料5303(金),杂物,普通,0,全职业,性别不限,Level
4218,材料5304(金),杂物,普通,0,全职业,性别不限,Level
4219,材料5305(金),杂物,普通,0,全职业,性别不限,Level
4220,材料5306(金),杂物,普通,0,全职业,性别不限,Level
4221,材料5307(金),杂物,普通,0,全职业,性别不限,Level
4222,材料5320(金),杂物,普通,0,全职业,性别不限,Level
4223,材料5321(金),杂物,普通,0,全职业,性别不限,Level
4224,材料5322(金),杂物,普通,0,全职业,性别不限,Level
4225,材料5323(金),杂物,普通,0,全职业,性别不限,Level
4226,材料5324(金),杂物,普通,0,全职业,性别不限,Level
4227,材料5325(金),杂物,普通,0,全职业,性别不限,Level
4228,材料5326(金),杂物,普通,0,全职业,性别不限,Level
4229,材料5340(金),杂物,普通,0,全职业,性别不限,Level
4230,材料5341(金),杂物,普通,0,全职业,性别不限,Level
4231,材料5342(金),杂物,普通,0,全职业,性别不限,Level
4232,材料5343(金),杂物,普通,0,全职业,性别不限,Level
4233,材料5344(金),杂物,普通,0,全职业,性别不限,Level
4234,材料5345(金),杂物,普通,0,全职业,性别不限,Level
4235,白龙守护石,工艺材料,宝物,0,全职业,性别不限,Level
4236,材料5370(金),杂物,普通,0,全职业,性别不限,Level
4237,材料5371(金),杂物,普通,0,全职业,性别不限,Level
4238,材料5372(金),杂物,普通,0,全职业,性别不限,Level
